0
8
16
24
32
40
48
56
64
72
80
88
96
104
112
120
128
136
144
152
160
168
176
184
192
200
208
216
224
232
240
248
256
264
272
280
288
296
304
312
320
328
336
344
352
360
368
376
384
392
400
408
416
424
432
440
448
456
464
472
480
488
496
504
512
520
528
536
544
552
560
568
576
584
592
600
608
616
624
632
640
648
656
664
672
680
688
696
704
712
720
728
736
744
752
760
768
776
784
792
800
808
816
824
832
840
848
856
864
872
880
888
896
904
912
920
928
936
944
952
960
968
976
984
992
1000
1008
1016
1024
1032
1040
1048
1056
1064
1072
1080
1088
1096
1104
1112
1120
1128
1136
1144
1152
1160
1168
1176
1184
1192
1200
1208
1216
1224
1232
1240
1248
1256
1264
1272
1280
1288
1296
1304
1312
1320
1328
1336
1344
1352
1360
1368
1376
1384
1392
1400
1408
1416
1424
1432
1440
1448
1456
1464
1472
1480
1488
1496
1504
1512
1520
1528
1536
1544
1552
1560
1568
1576
1584
1592
1600
1608
1616
1624
1632
1640
1648
1656
1664
1672
1680
1688
1696
1704
1712
1720
1728
1736
1744
1752
1760
1768
1776
1784
1792
1800
1808
1816
1824
1832
1840
1848
1856
1864
1872
1880
1888
1896
1904
1912
1920
1928
1936
1944
1952
1960
1968
1976
1984
1992
2000
2008
2016
2024
2032
2040
2048
2056
2064
2072
2080
2088
2096
2104
2112
2120
2128
2136
2144
2152
2160
2168
2176
2184
2192
2200
2208
2216
2224
2232
2240
2248
2256
2264
2272
2280
2288
2296
2304
2312
2320
2328
2336
2344
2352
2360
2368
2376
2384
2392
2400
2408
2416
2424
2432
2440
2448
2456
2464
2472
2480
2488
2496
2504
2512
2520
2528
2536
2544
2552
2560
2568
2576
2584
2592
2600
2608
2616
2624
2632
2640
2648
2656
2664
2672
2680
2688
2696
2704
2712
2720
2728
2736
2744
2752
2760
2768
2776
2784
2792
2800
2808
2816
2824
2832
2840
2848
2856
2864
2872
2880
2888
2896
2904
2912
2920
2928
2936
2944
2952
2960
2968
2976
2984
2992
3000
3008
3016
3024
3032
3040
3048
3056
3064
3072
3080
3088
3096
3104
3112
3120
3128
3136
3144
3152
3160
3168
3176
3184
3192
3200
3208
3216
3224
3232
3240
3248
3256
3264
3272
3280
3288
3296
3304
3312
3320
3328
3336
3344
3352
3360
3368
3376
3384
3392
3400
3408
3416
3424
3432
3440
3448
3456
3465
3474
3483
3492
3501
3510
3519
3528
3537
3546
3555
3564
3573
3582
3591
3600
3609
3618
3627
3636
3645
3654
3663
3672
3681
3690
3699
3708
3717
3726
3735
3744
3753
3762
3771
3780
3789
3798
3807
3816
3825
3834
3843
3852
3861
3870
3879
3888
3897
3906
3915
3924
3933
3942
3951
3960
3969
3978
3987
3996
4005
4014
4023
4032
4041
4050
4059
4068
4077
4086
4095
4104
4113
4122
4131
4140
4149
4158
4167
4176
4185
4194
4203
4212
4221
4230
4239
4248
4257
4266
4275
4284
4293
4302
4311
4320
4329
4338
4347
4356
4365
4374
4383
4392
4401
4410
4419
4428
4437
4446
4455
4464
4473
4482
4491
4500
4509
4518
4527
4536
4545
4554
4563
4572
4581
4590
4599
4608
4617
4626
4635
4644
4653
4662
4671
4680
4689
4698
4707
4716
4725
4734
4743
4752
4761
4770
4779
4788
4797
4806
4815
4824
4833
4842
4851
4860
4869
4878
4887
4896
4905
4914
4923
4932
4941
4950
4959
4968
4977
4986
4995
5004
5013
5022
5031
5040
5049
5058
5067
5076
5085
5094
5103
5112
5121
5130
5139
5148
5157
5166
5175
5184
5193
5202
5211
5220
5229
5238
5247
5256
5265
5274
5283
5292
5301
5310
5319
5328
5337
5346
5355
5364
5373
5382
5391
5400
5409
5418
5427
5436
5445
5454
5463
5472
5481
5490
5499
5508
5517
5526
5535
5544
5553
5562
5571
5580
5589
5598
5607
5616
5625
5634
5643
5652
5661
5670
5679
5688
5697
5706
5715
5724
5733
5742
5751
5760
5769
5778
5787
5796
5805
5814
5823
5832
5841
5850
5859
5868
5877
5886
5895
5904
5913
5922
5931
5940
5949
5958
5967
5976
5985
5994
6003
6012
6021
6030
6039
6048
6057
6066
6075
6084
6093
6102
6111
6120
6129
6138
6147
6156
6165
6174
6183
6192
6201
6210
6219
6228
6237
6246
6255
6264
6273
6282
6291
6300
6309
6318
6327
6336
6345
6354
6363
6372
6381
6390
6399
6408
6417
6426
6435
6444
6453
6462
6471
6480
6489
6498
6507
6516
6525
6534
6543
6552
6561
6570
6579
6588
6597
6606
6615
6624
6633
6642
6651
6660
6669
6678
6687
6696
6705
6714
6723
6732
6741
6750
6759
6768
6777
6786
6795
6804
6813
6822
6831
6840
6849
6858
6867
6876
6885
6894
6903
6912
6921
6930
6939
6948
6957
6966
6975
6984
6993
7002
7011
7020
7029
7038
7047
7056
7065
7074
7083
7092
7101
7110
7119
7128
7137
7146
7155
7164
7173
7182
7191
7200
7209
7218
7227
7236
7245
7254
7263
7272
7281
7290
7299
7308
7317
7326
7335
7344
7353
7362
7371
7380
7389
7398
7407
7416
7425
7434
7443
7452
7461
7470
7479
7488
7497
7506
7515
7524
7533
7542
7551
7560
7569
7578
7587
7596
7605
7614
7623
7632
7641
7650
7659
7668
7677
7686
7695
7704
7713
7722
7731
7740
7749
7758
7767
7776
7785
7794
7803
7812
7821
7830
7839
7848
7857
7866
7875
7884
7893
7902
7911
7920
7929
7938
7947
7956
7965
7974
7983
7992
8001
8010
8019
8028
8037
8046
8055
8064
8073
8082
8091
8100
8109
8118
8127
8136
8145
8154
8163
8172
8181
8190
8199
8208
8217
8226
8235
8244
8253
8262
8271
8280
8289
8298
8307
8316
8325
8334
8343
8352
8361
8370
8379
8388
8397
8406
8415
8424
8433
8442
8451
8460
8469
8478
8487
8496
8505
8514
8523
8532
8541
8550
8559
8568
8577
8586
8595
8604
8613
8622
8631
8640
8649
8658
8667
8676
8685
8694
8703
8712
8721
8730
8739
8748
8757
8766
8775
8784
8793
8802
8811
8820
8829
8838
8847
8856
8865
8874
8883
8892
8901
8910
8919
8928
8937
8946
8955
8964
8973
8982
8991
9000
9009
9018
9027
9036
9045
9054
9063
9072
9081
9090
9099
9108
9117
9126
9135
9144
9153
9162
9171
9181
9191
9201
9211
9221
9231
9241
9251
9261
9271
9281
9291
9301
9311
9321
9331
9341
9351
9361
9371
9381
9391
9401
9411
9421
9431
9441
9451
9461
9471
9481
9491
9501
9511
9521
9531
9541
9551
9561
9571
9581
9591
9601
9611
9621
9631
9641
9651
9661
9671
9681
9691
9701
9711
9721
9731
9741
9751
9761
9771
9781
9791
9801
9811
9821
9831
9841
9851
9861
9871
9881
9891
9901
9911
9921
9931
9941
9951
9961
9971
9981
9991
10001
10011
10021
10031
10041
10051
10061
10071
10081
10091
10101
10111
10121
10131
10141
10151
10161
10171
10181
10191
10201
10211
10221
10231
10241
10251
10261
10271
10281
10291
10301
10311
10321
10331
10341
10351
10361
10371
10381
10391
10401
10411
10421
10431
10441
10451
10461
10471
10481
10491
10501
10511
10521
10531
10541
10551
10561
10571
10581
10591
10601
10611
10621
10631
10641
10651
10661
10671
10682
10693
10704
10715
10726
10737
10748
10759
10770
10781
10792
10803
10814
10825
10836
10847
10858
10869
10880
10891
10902
10913
10924
10935
10946
10957
10968
10979
10990
11001
11012
11023
11034
11045
11056
11067
11078
11089
11100
11111
11122
11133
11144
11155
11166
11177
11188
11199
11210
11221
11232
11243
11254
11265
11276
11287
11298
11309
11320
11331
11342
11353
11364
11375
11386
11397
11408
11419
11430
11441
11452
11463
11474
11485
11496
11507
11518
11529
11540
11551
11562
11573
11584
11595
11606
11617
11628
11639
11650
11661
11672
11683
11694
11705
11716
11727
11738
11749
11760
11771
11782
11793
11804
11815
11826
11837
11848
11859
11870
11881
11892
11903
11914
11925
11936
11947
11958
11969
11980
11991
12002
12013
12024
12035
12046
12057
12068
12079
12090
12101
12112
12123
12134
12145
12156
12167
12178
12189
12200
12211
12222
12233
12244
12255
12266
12277
12288
12299
12310
12321
12332
12343
12354
12365
12376
12387
12398
12409
12420
12431
12442
12453
12464
12475
12486
12497
12508
12519
12530
12541
12552
12563
12574
12585
12596
12607
12618
12629
12640
12651
12662
12673
12684
12695
12706
12717
12728
12739
12750
12761
12772
12783
12794
12805
12816
12827
12838
12849
12860
12871
12882
12893
12904
12915
12926
12937
12948
12959
12970
12981
12992
13003
13014
13025
13036
13047
13058
13069
13080
13091
13102
13113
13124
13135
13146
13157
13168
13179
13190
13201
13212
13223
13234
13245
13256
13267
13278
13289
13300
13311
13322
13333
13344
13355
13366
13377
13388
13399
13410
13421
13432
13443
13454
13465
13476
13487
13498
13509
13520
13531
13542
13553
13564
13575
13586
13597
13608
13619
13630
13641
13652
13663
13674
13685
13696
13707
13718
13729
13740
13751
13762
13773
13784
13795
13806
13817
13828
13839
13850
13861
13872
13883
13894
13905
13916
13927
13938
13949
13960
13971
13982
13993
14004
14015
14026
14037
14048
14059
14070
14081
14092
14103
14114
14125
14136
14147
14158
14169
14180
14191
14202
14213
14224
14235
14246
14257
14268
14279
14290
14301
14312
14323
14334
14345
14356
14367
14378
14389
14400
14411
14422
14433
14444
14455
14466
14477
14488
14499
14510
14521
14532
14543
14554
14565
14576
14587
14598
14609
14620
14631
14642
14653
14664
14675
14686
14697
14708
14719
14730
14741
14752
14763
14774
14785
14796
14807
14818
14829
14840
14851
14862
14873
14884
14895
14906
14917
14928
14939
14950
14961
14972
14983
14994
15005
15016
15027
15038
15049
15061
15073
15085
15097
15109
15121
15133
15145
15157
15169
15181
15193
15205
15217
15229
15241
15253
15265
15277
15289
15301
15313
15325
15337
15349
15361
15373
15385
15397
15409
15421
15433
15445
15457
15469
15481
15493
15505
15517
15529
15541
15553
15565
15577
15589
15601
15613
15625
15637
15649
15661
15673
15685
15697
15709
15721
15733
15745
15757
15769
15781
15793
15805
15817
15829
15841
15853
15865
15877
15889
15901
15913
15925
15937
15949
15961
15973
15985
15997
16009
16021
16033
16045
16057
16069
16081
16093
16105
16117
16129
16141
16153
16165
16177
16189
16201
16213
16225
16237
16249
16261
16273
16285
16297
16309
16321
16333
16345
16357
16369
16381
16393
16405
16417
16429
16441
16453
16465
16477
16489
16501
16513
16525
16537
16549
16561
16573
16585
16597
16609
16621
16633
16645
16657
16669
16681
16693
16705
16717
16729
16741
16753
16765
16777
16789
16801
16813
16825
16837
16849
16861
16873
16885
16897
16909
16921
16933
16945
16957
16969
16981
16993
17005
17017
17029
17041
17053
17065
17077
17089
17101
17113
17125
17137
17149
17161
17173
17185
17197
17209
17221
17233
17245
17257
17269
17281
17293
17305
17317
17329
17341
17353
17365
17377
17389
17401
17413
17425
17437
17449
17461
17473
17485
17497
17509
17521
17533
17545
17557
17569
17581
17593
17605
17617
17629
17641
17653
17665
17677
17689
17701
17713
17725
17737
17749
17761
17773
17785
17797
17809
17821
17833
17845
17857
17869
17881
17893
17905
17917
17929
17941
17953
17965
17977
17989
18001
18013
18025
18037
18049
18061
18073
18085
18097
18109
18121
18133
18145
18157
18169
18181
18193
18205
18217
18229
18241
18253
18265
18277
18289
18301
18313
18325
18337
18349
18361
18373
18385
18397
18409
18421
18433
18445
18457
18469
18481
18493
18505
18517
18529
18541
18553
18565
18577
18589
18601
18613
18625
18637
18649
18661
18673
18685
18697
18709
18721
18733
18745
18757
18769
18781
18793
18805
18817
18829
18841
18853
18865
18877
18889
18901
18913
18925
18937
18949
18961
18973
18985
18997
19009
19021
19033
19045
19057
19069
19081
19093
19105
19117
19129
19141
19153
19165
19177
19189
19201
19213
19225
19237
19249
19261
19273
19285
19297
19309
19321
19333
19345
19357
19369
19381
19393
19405
19417
19429
19441
19453
19465
19477
19489
19501
19513
19525
19537
19549
19561
19573
19585
19597
19609
19621
19633
19645
19657
19669
19681
19693
19705
19717
19729
19741
19753
19765
19777
19789
19801
19813
19825
19837
19849
19861
19873
19885
19897
19909
19921
19933
19945
19957
19969
19981
19993
20005
20017
20029
20041
20053
20065
20077
20089
20101
20113
20125
20137
20149
20161
20173
20185
20197
20209
20221
20233
20245
20257
20269
20281
20293
20305
20317
20329
20341
20353
20365
20377
20389
20401
20413
20425
20437
20449
20461
20473
20485
20497
20509
20521
20533
20545
20557
20569
20581
20593
20605
20617
20629
20641
20653
20665
20677
20689
20702
20715
20728
20741
20754
20767
20780
20793
20806
20819
20832
20845
20858
20871
20884
20897
20910
20923
20936
20949
20962
20975
20988
21001
21014
21027
21040
21053
21066
21079
21092
21105
21118
21131
21144
21157
21170
21183
21196
21209
21222
21235
21248
21261
21274
21287
21300
21313
21326
21339
21352
21365
21378
21391
21404
21417
21430
21443
21456
21469
21482
21495
21508
21521
21534
21547
21560
21573
21586
21599
21612
21625
21638
21651
21664
21677
21690
21703
21716
21729
21742
21755
21768
21781
21794
21807
21820
21833
21846
21859
21872
21885
21898
21911
21924
21937
21950
21963
21976
21989
22002
22015
22028
22041
22054
22067
22080
22093
22106
22119
22132
22145
22158
22171
22184
22197
22210
22223
22236
22249
22262
22275
22288
22301
22314
22327
22340
22353
22366
22379
22392
22405
22418
22431
22444
22457
22470
22483
22496
22509
22522
22535
22548
22561
22574
22587
22600
22613
22626
22639
22652
22665
22678
22691
22704
22717
22731
22745
22759
22773
22787
22801
22815
22829
22843
22857
22871
22885
22899
22913
22927
22941
22955
22969
22983
22997
23011
23025
23039
23053
23067
23081
23095
23109
23123
23137
23151
23165
23179
23193
23207
23221
23235
23249
23263
23277
23291
23305
23319
23333
23347
23361
23375
23389
23403
23417
23431
23445
23459
23473
23487
23501
23515
23529
23543
23557
23571
23585
23599
23613
23627
23641
23655
23669
23683
23697
23711
23725
23739
23753
23767
23781
23795
23809
23823
23837
23851
23865
23879
23893
23907
23921
23935
23949
23963
23977
23991
24005
24019
24033
24047
24061
24075
24089
24103
24117
24131
24145
24159
24173
24187
24201
24215
24229
24243
24257
24271
24285
24299
24313
24327
24341
24355
24369
24383
24397
24411
24425
24439
24453
24467
24481
24495
24509
24523
24537
24551
24565
24579
24593
24607
24621
24635
24649
24663
24677
24691
24705
24719
24733
24747
24761
24775
24789
24803
24817
24831
24845
24859
24873
24887
24901
24915
24929
24943
24957
24971
24985
24999
25013
25027
25041
25055
25069
25083
25097
25111
25125
25139
25153
25167
25181
25195
25209
25223
25237
25251
25265
25279
25293
25307
25321
25335
25349
25363
25377
25391
25405
25419
25433
25447
25461
25475
25489
25503
25517
25531
25545
25559
25573
25587
25601
25615
25629
25643
25657
25671
25685
25699
25713
25727
25741
25755
25769
25783
25797
25811
25825
25839
25853
25867
25881
25895
25909
25923
25937
25951
25965
25979
25993
26007
26021
26035
26049
26063
26077
26091
26105
26119
26133
26147
26161
26175
26189
26203
26217
26231
26245
26259
26273
26287
26301
26315
26329
26343
26357
26371
26385
26399
26413
26427
26441
26455
26469
26483
26497
26511
26525
26539
26553
26567
26581
26595
26609
26623
26637
26651
26665
26679
26693
26707
26721
26735
26749
26763
26777
26791
26805
26819
26833
26847
26861
26875
26889
26903
26917
26931
26945
26959
26973
26987
27001
27015
27029
27043
27057
27071
27085
27099
27113
27127
27141
27155
27169
27183
27197
27211
27225
27239
27253
27267
27281
27295
27309
27323
27337
27351
27365
27380
27395
27410
27425
27440
27455
27470
27485
27500
27515
27530
27545
27560
27575
27590
27605
27620
27635
27650
27665
27680
27695
27710
27725
27740
27755
27770
27785
27800
27815
27830
27845
27860
27875
27890
27905
27920
27935
27950
27965
27980
27995
28010
28025
28040
28055
28070
28085
28100
28115
28130
28145
28160
28175
28190
28205
28220
28235
28250
28265
28280
28295
28310
28325
28340
28355
28370
28385
28400
28415
28430
28445
28460
28475
28490
28505
28520
28535
28550
28565
28580
28595
28610
28625
28640
28655
28670
28685
28700
28715
28730
28745
28760
28775
28790
28805
28820
28835
28850
28865
28880
28895
28910
28925
28940
28955
28970
28985
29000
29015
29030
29045
29060
29075
29090
29105
29120
29135
29150
29165
29180
29195
29210
29225
29240
29255
29270
29285
29300
29315
29330
29345
29360
29375
29390
29405
29420
29435
29450
29465
29480
29495
29510
29525
29540
29555
29570
29585
29600
29615
29630
29645
29660
29675
29690
29705
29720
29735
29750
29765
29780
29795
29810
29825
29840
29855
29870
29885
29900
29915
29930
29945
29960
29975
29990
30005
30020
30035
30050
30065
30080
30095
30110
30125
30140
30155
30170
30185
30200
30215
30230
30245
30260
30275
30290
30305
30320
30335
30350
30365
30380
30395
30410
30425
30440
30455
30470
30485
30500
30515
30530
30545
30560
30575
30590
30605
30620
30635
30650
30665
30680
30695
30710
30725
30740
30755
30770
30785
30800
30815
30830
30845
30860
30875
30890
30905
30920
30935
30950
30965
30980
30995
31010
31025
31040
31055
31070
31085
31100
31115
31130
31145
31160
31175
31190
31205
31220
31235
31250
31265
31280
31295
31310
31325
31340
31355
31370
31385
31400
31415
31430
31445
31460
31475
31490
31505
31520
31535
31550
31565
31580
31595
31610
31625
31640
31655
31670
31685
31700
31715
31730
31745
31760
31775
31790
31805
31820
31835
31850
31865
31880
31895
31910
31925
31940
31955
31970
31985
32000
32015
32030
32045
32060
32075
32090
32105
32120
32135
32150
32165
32180
32195
32210
32225
32240
32255
32270
32285
32300
32316
32332
32348
32364
32380
32396
32412
32428
32444
32460
32476
32492
32508
32524
32540
32556
32572
32588
32604
32620
32636
32652
32668
32684
32700
32716
32732
32748
32764
32780
32796
32812
32828
32844
32860
32876
32892
32908
32924
32940
32956
32972
32988
33004
33020
33036
33052
33068
33084
33100
33116
33132
33148
33164
33180
33196
33212
33228
33244
33260
33276
33292
33308
33324
33340
33356
33372
33388
33404
33420
33436
33452
33468
33484
33500
33516
33532
33548
33564
33580
33596
33612
33628
33644
33660
33676
33692
33708
33724
33740
33756
33772
33788
33804
33820
33836
33852
33868
33884
33900
33916
33932
33948
33964
33980
33996
34012
34028
34044
34060
34076
34092
34108
34124
34140
34156
34172
34188
34204
34220
34236
34252
34268
34284
34300
34316
34332
34348
34364
34380
34396
34412
34428
34444
34460
34476
34492
34508
34524
34540
34556
34572
34588
34604
34620
34636
34652
34668
34684
34700
34716
34732
34748
34764
34780
34796
34812
34828
34844
34860
34876
34892
34908
34924
34940
34956
34972
34988
35004
35020
35036
35052
35068
35084
35100
35116
35132
35148
35164
35180
35196
35212
35228
35244
35260
35276
35292
35308
35324
35340
35356
35372
35388
35404
35420
35436
35453
35470
35487
35504
35521
35538
35555
35572
35589
35606
35623
35640
35657
35674
35691
35708
35725
35742
35759
35776
35793
35810
35827
35844
35861
35878
35895
35912
35929
35946
35963
35980
35997
36014
36031
36048
36065
36082
36099
36116
36133
36150
36167
36184
36201
36218
36235
36252
36269
36286
36303
36320
36337
36354
36371
36388
36405
36422
36439
36456
36473
36490
36507
36524
36541
36558
36575
36592
36609
36626
36643
36660
36677
36694
36711
36728
36745
36762
36779
36796
36813
36830
36847
36864
36881
36898
36915
36932
36949
36966
36983
37000
37017
37034
37051
37068
37085
37102
37119
37136
37153
37170
37187
37204
37221
37238
37255
37272
37289
37306
37323
37340
37357
37374
37391
37408
37425
37442
37459
37476
37493
37510
37527
37544
37561
37578
37595
37612
37629
37646
37663
37680
37697
37714
37731
37748
37765
37782
37799
37816
37833
37850
37867
37884
37901
37918
37935
37952
37969
37986
38003
38020
38037
38054
38071
38088
38105
38122
38139
38156
38173
38190
38207
38224
38241
38258
38275
38292
38309
38326
38343
38360
38377
38394
38411
38428
38445
38462
38479
38496
38513
38530
38547
38564
38581
38598
38615
38632
38649
38666
38683
38700
38717
38734
38751
38768
38785
38802
38819
38836
38853
38870
38887
38904
38921
38938
38955
38972
38989
39006
39023
39040
39057
39074
39091
39108
39125
39142
39159
39176
39193
39210
39227
39244
39261
39278
39295
39312
39329
39346
39363
39380
39397
39414
39431
39448
39465
39482
39499
39516
39533
39550
39567
39584
39601
39618
39635
39652
39669
39686
39703
39720
39737
39754
39771
39788
39805
39822
39839
39856
39873
39890
39907
39924
39941
39958
39975
39992
40009
40026
40043
40060
40077
40094
40111
40128
40145
40162
40179
40196
40214
40232
40250
40268
40286
40304
40322
40340
40358
40376
40394
40412
40430
40448
40466
40484
40502
40520
40538
40556
40574
40592
40610
40628
40646
40664
40682
40700
40718
40736
40754
40772
40790
40808
40826
40844
40862
40880
40898
40916
40934
40952
40970
40988
41006
41024
41042
41060
41078
41096
41114
41132
41150
41168
41186
41204
41222
41240
41258
41276
41294
41312
41330
41348
41366
41384
41402
41420
41438
41456
41474
41492
41510
41528
41546
41564
41582
41600
41618
41636
41654
41672
41690
41708
41726
41744
41762
41780
41798
41816
41834
41852
41870
41888
41906
41924
41942
41960
41978
41996
42014
42032
42050
42068
42086
42104
42122
42140
42158
42176
42194
42212
42230
42248
42266
42284
42302
42320
42338
42356
42374
42392
42410
42428
42446
42464
42482
42500
42518
42536
42554
42572
42590
42608
42626
42644
42662
42680
42698
42716
42734
42752
42770
42788
42806
42824
42842
42860
42878
42896
42914
42932
42950
42968
42986
43004
43022
43040
43058
43076
43094
43112
43130
43148
43166
43184
43202
43220
43238
43256
43274
43292
43310
43328
43346
43364
43382
43400
43418
43436
43454
43472
43490
43508
43526
43544
43562
43580
43598
43616
43634
43652
43670
43688
43706
43724
43742
43760
43778
43796
43814
43832
43850
43868
43886
43904
43922
43940
43958
43976
43994
44012
44030
44048
44066
44084
44102
44120
44138
44156
44174
44192
44210
44228
44246
44264
44282
44300
44318
44336
44354
44372
44390
44408
44426
44444
44462
44480
44498
44516
44534
44552
44570
44588
44606
44624
44642
44660
44678
44696
44714
44732
44750
44768
44786
44804
44822
44840
44858
44876
44894
44912
44930
44948
44966
44984
45002
45020
45038
45056
45074
45093
45112
45131
45150
45169
45188
45207
45226
45245
45264
45283
45302
45321
45340
45359
45378
45397
45416
45435
45454
45473
45492
45511
45530
45549
45568
45587
45606
45625
45644
45663
45682
45701
45720
45739
45758
45777
45796
45815
45834
45853
45872
45891
45910
45929
45948
45967
45986
46005
46024
46043
46062
46081
46100
46119
46138
46157
46176
46195
46214
46233
46252
46271
46290
46309
46328
46347
46366
46385
46404
46423
46442
46461
46480
46499
46518
46537
46556
46575
46594
46613
46632
46651
46670
46689
46708
46727
46746
46765
46784
46803
46822
46841
46860
46879
46898
46917
46936
46955
46974
46993
47012
47031
47050
47069
47088
47107
47126
47145
47164
47183
47202
47221
47240
47259
47278
47297
47316
47335
47354
47373
47392
47411
47430
47449
47468
47487
47506
47525
47544
47563
47582
47601
47620
47639
47658
47677
47696
47715
47734
47753
47772
47791
47810
47829
47848
47867
47886
47905
47924
47943
47962
47981
48000
48019
48038
48057
48076
48095
48114
48133
48152
48171
48190
48209
48228
48247
48266
48285
48304
48324
48344
48364
48384
48404
48424
48444
48464
48484
48504
48524
48544
48564
48584
48604
48624
48644
48664
48684
48704
48724
48744
48764
48784
48804
48824
48844
48864
48884
48904
48924
48944
48964
48984
49004
49024
49044
49064
49084
49104
49124
49144
49164
49184
49204
49224
49244
49264
49284
49304
49324
49344
49364
49384
49404
49424
49444
49464
49484
49504
49524
49544
49564
49584
49604
49624
49644
49664
49684
49704
49724
49744
49764
49784
49804
49824
49844
49864
49884
49904
49924
49944
49964
49984
50004
50024
50044
50064
50084
50104
50124
50144
50164
50184
50204
50224
50244
50264
50284
50304
50324
50344
50364
50384
50404
50424
50444
50464
50484
50504
50524
50544
50564
50584
50604
50624
50644
50664
50684
50704
50724
50744
50764
50784
50804
50824
50844
50864
50884
50904
50924
50944
50964
50984
51004
51024
51044
51064
51084
51104
51124
51144
51164
51184
51204
51224
51244
51264
51284
51304
51324
51344
51364
51384
51404
51424
51444
51464
51484
51504
51524
51544
51564
51584
51604
51624
51644
51664
51684
51704
51724
51744
51764
51784
51804
51824
51844
51864
51884
51904
51924
51944
51964
51984
52004
52024
52044
52064
52084
52104
52124
52144
52164
52184
52204
52224
52244
52264
52284
52304
52324
52344
52364
52384
52404
52424
52444
52464
52484
52504
52524
52544
52564
52584
52604
52624
52644
52664
52684
52704
52724
52744
52764
52784
52804
52824
52844
52864
52884
52904
52924
52944
52964
52984
53004
53024
53044
53064
53084
53104
53124
53144
53164
53184
53204
53224
53244
53264
53284
53304
53324
53344
53364
53384
53404
53424
53444
53464
53484
53505
53526
53547
53568
53589
53610
53631
53652
53673
53694
53715
53736
53757
53778
53799
53820
53841
53862
53883
53904
53925
53946
53967
53988
54009
54030
54051
54072
54093
54114
54135
54156
54177
54198
54219
54240
54261
54282
54303
54324
54345
54366
54387
54408
54429
54450
54471
54492
54513
54534
54555
54576
54597
54618
54639
54660
54681
54702
54723
54744
54765
54786
54807
54828
54849
54870
54891
54912
54933
54954
54975
54996
55017
55038
55059
55080
55101
55122
55143
55164
55185
55206
55227
55248
55269
55290
55311
55332
55353
55374
55395
55416
55437
55458
55479
55500
55521
55542
55563
55584
55605
55626
55647
55668
55689
55710
55731
55752
55773
55794
55815
55836
55857
55878
55899
55920
55941
55962
55983
56004
56025
56046
56067
56088
56109
56130
56151
56172
56193
56214
56235
56256
56277
56298
56319
56340
56361
56382
56403
56424
56445
56466
56487
56508
56529
56550
56571
56592
56613
56634
56655
56676
56697
56718
56739
56760
56781
56802
56823
56844
56865
56886
56907
56928
56949
56970
56991
57012
57033
57054
57075
57096
57117
57138
57159
57180
57201
57222
57243
57264
57285
57306
57327
57348
57369
57390
57411
57432
57453
57474
57495
57516
57537
57558
57579
57600
57621
57642
57663
57684
57705
57726
57747
57768
57789
57810
57831
57852
57873
57894
57915
57936
57957
57978
57999
58020
58041
58062
58083
58104
58125
58146
58167
58188
58209
58230
58251
58272
58293
58314
58335
58356
58377
58398
58419
58440
58461
58482
58503
58524
58546
58568
58590
58612
58634
58656
58678
58700
58722
58744
58766
58788
58810
58832
58854
58876
58898
58920
58942
58964
58986
59008
59030
59052
59074
59096
59118
59140
59162
59184
59206
59228
59250
59272
59294
59316
59338
59360
59382
59404
59426
59448
59470
59492
59514
59536
59558
59580
59602
59624
59646
59668
59690
59712
59734
59756
59778
59800
59822
59844
59866
59888
59910
59932
59954
59976
59998
60020
60042
60064
60086
60108
60130
60152
60174
60196
60218
60240
60262
60284
60306
60328
60350
60372
60394
60416
60438
60460
60482
60504
60526
60548
60570
60592
60614
60636
60658
60680
60702
60724
60746
60768
60790
60812
60834
60856
60878
60900
60922
60944
60966
60988
61010
61032
61054
61076
61098
61120
61142
61164
61186
61208
61230
61252
61274
61296
61318
61340
61362
61384
61406
61428
61450
61472
61494
61516
61538
61560
61582
61604
61626
61648
61670
61692
61714
61736
61758
61780
61802
61824
61846
61868
61890
61912
61934
61956
61978
62000
62023
62046
62069
62092
62115
62138
62161
62184
62207
62230
62253
62276
62299
62322
62345
62368
62391
62414
62437
62460
62483
62506
62529
62552
62575
62598
62621
62644
62667
62690
62713
62736
62759
62782
62805
62828
62851
62874
62897
62920
62943
62966
62989
63012
63035
63058
63081
63104
63127
63150
63173
63196
63219
63242
63265
63288
63311
63334
63357
63380
63403
63426
63449
63472
63495
63518
63541
63564
63587
63610
63633
63656
63679
63702
63725
63748
63771
63794
63817
63840
63863
63886
63909
63932
63955
63978
64001
64024
64047
64070
64093
64116
64139
64162
64185
64208
64231
64254
64277
64300
64323
64346
64369
64392
64415
64438
64461
64484
64507
64530
64553
64576
64599
64622
64645
64668
64691
64714
64737
64760
64783
64806
64829
64852
64875
64898
64921
64944
64967
64990
65013
65036
65059
65082
65105
65128
65151
65174
65197
65220
65243
65266
65289
65312
65335
65358
65381
65404
65427
65450
65473
65496
65519
65542
65565
65588
65611
65634
65657
65680
65703
65726
65749
65772
65795
65818
65841
65864
65887
65910
65933
65956
65979
66002
66025
66048
66071
66094
66117
66140
66163
66186
66209
66232
66255
66278
66301
66324
66347
66370
66393
66416
66439
66462
66485
66508
66531
66554
66577
66600
66623
66646
66669
66692
66715
66738
66761
66784
66807
66830
66853
66876
66899
66922
66945
66968
66991
67014
67037
67060
67083
67107
67131
67155
67179
67203
67227
67251
67275
67299
67323
67347
67371
67395
67419
67443
67467
67491
67515
67539
67563
67587
67611
67635
67659
67683
67707
67731
67755
67779
67803
67827
67851
67875
67899
67923
67947
67971
67995
68019
68043
68067
68091
68115
68139
68163
68187
68211
68235
68259
68283
68307
68331
68355
68379
68403
68427
68451
68475
68499
68523
68547
68571
68595
68619
68643
68667
68691
68715
68739
68763
68787
68811
68835
68859
68883
68907
68931
68955
68979
69003
69027
69051
69075
69099
69123
69147
69171
69195
69219
69243
69267
69291
69315
69339
69363
69387
69411
69435
69459
69483
69507
69531
69555
69579
69603
69627
69651
69675
69699
69723
69747
69771
69795
69819
69843
69867
69891
69915
69939
69963
69987
70011
70035
70059
70083
70107
70131
70155
70179
70203
70227
70251
70275
70299
70323
70347
70371
70395
70419
70443
70467
70491
70515
70539
70563
70587
70611
70635
70659
70683
70707
70731
70755
70779
70803
70827
70851
70875
70899
70923
70947
70971
70995
71019
71043
71067
71091
71115
71139
71163
71187
71211
71235
71259
71283
71307
71331
71355
71379
71403
71427
71451
71475
71500
71525
71550
71575
71600
71625
71650
71675
71700
71725
71750
71775
71800
71825
71850
71875
71900
71925
71950
71975
72000
72025
72050
72075
72100
72125
72150
72175
72200
72225
72250
72275
72300
72325
72350
72375
72400
72425
72450
72475
72500
72525
72550
72575
72600
72625
72650
72675
72700
72725
72750
72775
72800
72825
72850
72875
72900
72925
72950
72975
73000
73025
73050
73075
73100
73125
73150
73175
73200
73225
73250
73275
73300
73325
73350
73375
73400
73425
73450
73475
73500
73525
73550
73575
73600
73625
73650
73675
73700
73725
73750
73775
73800
73825
73850
73875
73900
73925
73950
73975
74000
74025
74050
74075
74100
74125
74150
74175
74200
74225
74250
74275
74300
74325
74350
74375
74400
74425
74450
74475
74500
74525
74550
74575
74600
74625
74650
74675
74700
74725
74750
74775
74800
74825
74850
74875
74900
74925
74950
74975
75000
75025
75050
75075
75100
75125
75150
75175
75200
75225
75250
75275
75300
75325
75351
75377
75403
75429
75455
75481
75507
75533
75559
75585
75611
75637
75663
75689
75715
75741
75767
75793
75819
75845
75871
75897
75923
75949
75975
76001
76027
76053
76079
76105
76131
76157
76183
76209
76235
76261
76287
76313
76339
76365
76391
76417
76443
76469
76495
76521
76547
76573
76599
76625
76651
76677
76703
76729
76755
76781
76807
76833
76859
76885
76911
76937
76963
76989
77015
77041
77067
77093
77119
77145
77171
77197
77223
77249
77275
77301
77327
77353
77379
77405
77431
77457
77483
77509
77535
77561
77587
77613
77639
77665
77691
77717
77743
77769
77795
77821
77847
77873
77899
77925
77951
77977
78003
78029
78055
78081
78107
78133
78159
78185
78211
78237
78263
78289
78315
78341
78367
78393
78419
78445
78471
78497
78523
78549
78575
78601
78627
78653
78679
78705
78731
78757
78783
78809
78835
78861
78887
78913
78939
78965
78991
79017
79043
79069
79095
79121
79147
79173
79199
79225
79251
79277
79303
79329
79355
79381
79407
79433
79459
79485
79511
79537
79563
79589
79615
79641
79667
79693
79719
79745
79771
79797
79823
79849
79875
79901
79927
79953
79979
80005
80031
80057
80083
80109
80135
80161
80187
80213
80239
80265
80291
80317
80343
80369
80395
80421
80447
80473
80499
80525
80551
80577
80604
80631
80658
80685
80712
80739
80766
80793
80820
80847
80874
80901
80928
80955
80982
81009
81036
81063
81090
81117
81144
81171
81198
81225
81252
81279
81306
81333
81360
81387
81414
81441
81468
81495
81522
81549
81576
81603
81630
81657
81684
81711
81738
81765
81792
81819
81846
81873
81900
81927
81954
81981
82008
82035
82062
82089
82116
82143
82170
82197
82224
82251
82278
82305
82332
82359
82386
82413
82440
82467
82494
82521
82548
82575
82602
82629
82656
82683
82710
82737
82764
82791
82818
82845
82872
82899
82926
82953
82980
83007
83034
83061
83088
83115
83142
83169
83196
83223
83250
83277
83304
83331
83358
83385
83412
83439
83466
83493
83520
83547
83574
83601
83628
83655
83682
83709
83736
83763
83790
83817
83844
83871
83898
83925
83952
83979
84006
84033
84060
84087
84114
84141
84168
84195
84222
84249
84276
84303
84330
84357
84384
84411
84438
84465
84492
84519
84546
84574
84602
84630
84658
84686
84714
84742
84770
84798
84826
84854
84882
84910
84938
84966
84994
85022
85050
85078
85106
85134
85162
85190
85218
85246
85274
85302
85330
85358
85386
85414
85442
85470
85498
85526
85554
85582
85610
85638
85666
85694
85722
85750
85778
85806
85834
85862
85890
85918
85946
85974
86002
86030
86058
86086
86114
86142
86170
86198
86226
86254
86282
86310
86338
86366
86394
86422
86450
86478
86506
86534
86562
86590
86618
86646
86674
86702
86730
86758
86786
86814
86842
86870
86898
86926
86954
86982
87010
87038
87066
87094
87122
87150
87178
87206
87234
87262
87290
87318
87346
87374
87402
87430
87458
87486
87514
87542
87570
87598
87626
87654
87682
87710
87738
87766
87794
87822
87850
87878
87906
87934
87962
87990
88018
88046
88074
88102
88130
88158
88186
88214
88242
88270
88298
88326
88354
88382
88410
88438
88466
88494
88522
88550
88578
88606
88634
88662
88690
88718
88746
88774
88802
88830
88858
88886
88914
88942
88970
88998
89026
89054
89082
89111
89140
89169
89198
89227
89256
89285
89314
89343
89372
89401
89430
89459
89488
89517
89546
89575
89604
89633
89662
89691
89720
89749
89778
89807
89836
89865
89894
89923
89952
89981
90010
90039
90068
90097
90126
90155
90184
90213
90242
90271
90300
90329
90358
90387
90416
90445
90474
90503
90532
90561
90590
90619
90648
90677
90706
90735
90764
90793
90822
90851
90880
90909
90938
90967
90996
91025
91054
91083
91112
91141
91170
91199
91228
91257
91286
91315
91344
91373
91402
91431
91460
91489
91518
91547
91576
91605
91634
91663
91692
91721
91750
91779
91808
91837
91866
91895
91924
91953
91982
92011
92040
92069
92098
92127
92156
92185
92214
92243
92272
92301
92330
92359
92388
92417
92446
92475
92504
92533
92562
92591
92620
92649
92678
92707
92736
92765
92794
92823
92852
92881
92910
92939
92968
92997
93026
93055
93084
93113
93142
93171
93200
93229
93258
93287
93316
93345
93374
93403
93432
93461
93490
93519
93548
93577
93606
93635
93664
93693
93722
93751
93780
93809
93838
93867
93896
93925
93954
93983
94012
94041
94070
94099
94128
94157
94186
94215
94244
94273
94302
94331
94360
94389
94418
94447
94476
94505
94534
94564
94594
94624
94654
94684
94714
94744
94774
94804
94834
94864
94894
94924
94954
94984
95014
95044
95074
95104
95134
95164
95194
95224
95254
95284
95314
95344
95374
95404
95434
95464
95494
95524
95554
95584
95614
95644
95674
95704
95734
95764
95794
95824
95854
95884
95914
95944
95974
96004
96034
96064
96094
96124
96154
96184
96214
96244
96274
96304
96334
96364
96394
96424
96454
96484
96514
96544
96574
96604
96634
96664
96694
96724
96754
96784
96814
96844
96874
96904
96934
96964
96994
97024
97054
97084
97114
97144
97174
97204
97234
97264
97294
97324
97354
97384
97414
97444
97474
97504
97534
97564
97594
97624
97654
97684
97714
97744
97774
97804
97834
97864
97894
97924
97954
97984
98014
98044
98074
98104
98134
98164
98194
98224
98254
98284
98314
98344
98374
98404
98434
98464
98494
98524
98554
98584
98614
98644
98674
98704
98734
98764
98794
98824
98854
98884
98914
98944
98974
99004
99034
99064
99095
99126
99157
99188
99219
99250
99281
99312
99343
99374
99405
99436
99467
99498
99529
99560
99591
99622
99653
99684
99715
99746
99777
99808
99839
99870
99901
99932
99963
99994
100025
100056
100087
100118
100149
100180
100211
100242
100273
100304
100335
100366
100397
100428
100459
100490
100521
100552
100583
100614
100645
100676
100707
100738
100769
100800
100831
100862
100893
100924
100955
100986
101017
101048
101079
101110
101141
101172
101203
101234
101265
101296
101327
101358
101389
101420
101451
101482
101513
101544
101575
101606
101637
101668
101699
101730
101761
101792
101823
101854
101885
101916
101947
101978
102009
102040
102071
102102
102133
102164
102195
102226
102257
102288
102319
102350
102381
102412
102443
102474
102505
102536
102567
102598
102629
102660
102691
102722
102753
102784
102815
102846
102877
102908
102939
102970
103001
103032
103063
103094
103125
103156
103187
103218
103249
103281
103313
103345
103377
103409
103441
103473
103505
103537
103569
103601
103633
103665
103697
103729
103761
103793
103825
103857
103889
103921
103953
103985
104017
104049
104081
104113
104145
104177
104209
104241
104273
104305
104337
104369
104401
104433
104465
104497
104529
104561
104593
104625
104657
104689
104721
104753
104785
104817
104849
104881
104913
104945
104977
105009
105041
105073
105105
105137
105169
105201
105233
105265
105297
105329
105361
105393
105425
105457
105489
105521
105553
105585
105617
105649
105681
105713
105745
105777
105809
105841
105873
105905
105937
105969
106001
106033
106065
106097
106129
106161
106193
106225
106257
106289
106321
106353
106385
106417
106449
106481
106513
106545
106577
106609
106641
106673
106705
106737
106769
106801
106833
106865
106897
106929
106961
106993
107025
107057
107089
107121
107153
107185
107217
107249
107281
107313
107345
107377
107409
107441
107473
107505
107537
107569
107601
107633
107665
107697
107729
107761
107793
107825
107857
107889
107921
107953
107985
108017
108049
108081
108113
108145
108177
108209
108241
108273
108305
108337
108369
108401
108433
108465
108497
108530
108563
108596
108629
108662
108695
108728
108761
108794
108827
108860
108893
108926
108959
108992
109025
109058
109091
109124
109157
109190
109223
109256
109289
109322
109355
109388
109421
109454
109487
109520
109553
109586
109619
109652
109685
109718
109751
109784
109817
109850
109883
109916
109949
109982
110015
110048
110081
110114
110147
110180
110213
110246
110279
110312
110345
110378
110411
110444
110477
110510
110543
110576
110609
110642
110675
110708
110741
110774
110807
110840
110873
110906
110939
110972
111005
111038
111071
111104
111137
111170
111203
111236
111269
111302
111335
111368
111401
111434
111467
111500
111533
111566
111599
111632
111665
111698
111731
111764
111797
111830
111863
111896
111929
111962
111995
112028
112061
112094
112127
112160
112193
112226
112259
112292
112325
112358
112391
112424
112457
112490
112523
112556
112589
112622
112655
112688
112721
112754
112787
112820
112854
112888
112922
112956
112990
113024
113058
113092
113126
113160
113194
113228
113262
113296
113330
113364
113398
113432
113466
113500
113534
113568
113602
113636
113670
113704
113738
113772
113806
113840
113874
113908
113942
113976
114010
114044
114078
114112
114146
114180
114214
114248
114282
114316
114350
114384
114418
114452
114486
114520
114554
114588
114622
114656
114690
114724
114758
114792
114826
114860
114894
114928
114962
114996
115030
115064
115098
115132
115166
115200
115234
115268
115302
115336
115370
115404
115438
115472
115506
115540
115574
115608
115642
115676
115710
115744
115778
115812
115846
115880
115914
115948
115982
116016
116050
116084
116118
116152
116186
116220
116254
116288
116322
116356
116390
116424
116458
116492
116526
116560
116594
116628
116662
116696
116730
116764
116798
116832
116866
116900
116934
116968
117002
117036
117070
117104
117138
117172
117206
117240
117274
117308
117342
117376
117410
117445
117480
117515
117550
117585
117620
117655
117690
117725
117760
117795
117830
117865
117900
117935
117970
118005
118040
118075
118110
118145
118180
118215
118250
118285
118320
118355
118390
118425
118460
118495
118530
118565
118600
118635
118670
118705
118740
118775
118810
118845
118880
118915
118950
118985
119020
119055
119090
119125
119160
119195
119230
119265
119300
119335
119370
119405
119440
119475
119510
119545
119580
119615
119650
119685
119720
119755
119790
119825
119860
119895
119930
119965
120000
120035
120070
120105
120140
120175
120210
120245
120280
120315
120350
120385
120420
120455
120490
120525
120560
120595
120630
120665
120700
120735
120770
120805
120840
120875
120910
120945
120980
121015
121050
121085
121120
121155
121190
121225
121260
121295
121330
121365
121400
121435
121470
121505
121540
121575
121610
121645
121680
121715
121750
121785
121820
121855
121890
121925
121960
121995
122030
122065
122100
122135
122170
122205
122240
122275
122310
122345
122380
122416
122452
122488
122524
122560
122596
122632
122668
122704
122740
122776
122812
122848
122884
122920
122956
122992
123028
123064
123100
123136
123172
123208
123244
123280
123316
123352
123388
123424
123460
123496
123532
123568
123604
123640
123676
123712
123748
123784
123820
123856
123892
123928
123964
124000
124036
124072
124108
124144
124180
124216
124252
124288
124324
124360
124396
124432
124468
124504
124540
124576
124612
124648
124684
124720
124756
124792
124828
124864
124900
124936
124972
125008
125044
125080
125116
125152
125188
125224
125260
125296
125332
125368
125404
125440
125476
125512
125548
125584
125620
125656
125692
125728
125764
125800
125836
125872
125908
125944
125980
126016
126052
126088
126124
126160
126196
126232
126268
126304
126340
126376
126412
126448
126484
126520
126556
126592
126628
126664
126700
126736
126773
126810
126847
126884
126921
126958
126995
127032
127069
127106
127143
127180
127217
127254
127291
127328
127365
127402
127439
127476
127513
127550
127587
127624
127661
127698
127735
127772
127809
127846
127883
127920
127957
127994
128031
128068
128105
128142
128179
128216
128253
128290
128327
128364
128401
128438
128475
128512
128549
128586
128623
128660
128697
128734
128771
128808
128845
128882
128919
128956
128993
129030
129067
129104
129141
129178
129215
129252
129289
129326
129363
129400
129437
129474
129511
129548
129585
129622
129659
129696
129733
129770
129807
129844
129881
129918
129955
129992
130029
130066
130103
130140
130177
130214
130251
130288
130325
130362
130399
130436
130473
130510
130547
130584
130621
130658
130695
130732
130769
130806
130843
130880
130917
130954
130991
131028
131065
131102
131139
131176
131214
131252
131290
131328
131366
131404
131442
131480
131518
131556
131594
131632
131670
131708
131746
131784
131822
131860
131898
131936
131974
132012
132050
132088
132126
132164
132202
132240
132278
132316
132354
132392
132430
132468
132506
132544
132582
132620
132658
132696
132734
132772
132810
132848
132886
132924
132962
133000
133038
133076
133114
133152
133190
133228
133266
133304
133342
133380
133418
133456
133494
133532
133570
133608
133646
133684
133722
133760
133798
133836
133874
133912
133950
133988
134026
134064
134102
134140
134178
134216
134254
134292
134330
134368
134406
134444
134482
134520
134558
134596
134634
134672
134710
134748
134786
134824
134862
134900
134938
134976
135014
135052
135090
135128
135166
135204
135242
135280
135318
135356
135394
135432
135470
135508
135546
135584
135622
135660
135698
135736
135774
135812
135850
135888
135926
135964
136002
136040
136078
136116
136154
136192
136230
136268
136306
136344
136382
136420
136458
136496
136534
136573
136612
136651
136690
136729
136768
136807
136846
136885
136924
136963
137002
137041
137080
137119
137158
137197
137236
137275
137314
137353
137392
137431
137470
137509
137548
137587
137626
137665
137704
137743
137782
137821
137860
137899
137938
137977
138016
138055
138094
138133
138172
138211
138250
138289
138328
138367
138406
138445
138484
138523
138562
138601
138640
138679
138718
138757
138796
138835
138874
138913
138952
138991
139030
139069
139108
139147
139186
139225
139264
139303
139342
139381
139420
139459
139498
139537
139576
139615
139654
139693
139732
139771
139810
139849
139888
139927
139966
140005
140044
140083
140122
140161
140200
140239
140278
140317
140356
140395
140434
140473
140512
140551
140590
140629
140668
140707
140746
140785
140824
140863
140902
140941
140980
141019
141058
141097
141136
141175
141215
141255
141295
141335
141375
141415
141455
141495
141535
141575
141615
141655
141695
141735
141775
141815
141855
141895
141935
141975
142015
142055
142095
142135
142175
142215
142255
142295
142335
142375
142415
142455
142495
142535
142575
142615
142655
142695
142735
142775
142815
142855
142895
142935
142975
143015
143055
143095
143135
143175
143215
143255
143295
143335
143375
143415
143455
143495
143535
143575
143615
143655
143695
143735
143775
143815
143855
143895
143935
143975
144015
144055
144095
144135
144175
144215
144255
144295
144335
144375
144415
144455
144495
144535
144575
144615
144655
144695
144735
144775
144815
144855
144895
144935
144975
145015
145055
145095
145135
145175
145215
145255
145295
145335
145375
145415
145455
145495
145535
145575
145615
145655
145695
145735
145775
145815
145855
145895
145935
145976
146017
146058
146099
146140
146181
146222
146263
146304
146345
146386
146427
146468
146509
146550
146591
146632
146673
146714
146755
146796
146837
146878
146919
146960
147001
147042
147083
147124
147165
147206
147247
147288
147329
147370
147411
147452
147493
147534
147575
147616
147657
147698
147739
147780
147821
147862
147903
147944
147985
148026
148067
148108
148149
148190
148231
148272
148313
148354
148395
148436
148477
148518
148559
148600
148641
148682
148723
148764
148805
148846
148887
148928
148969
149010
149051
149092
149133
149174
149215
149256
149297
149338
149379
149420
149461
149502
149543
149584
149625
149666
149707
149748
149789
149830
149871
149912
149953
149994
150035
150076
150117
150158
150199
150240
150281
150322
150363
150404
150445
150486
150527
150568
150609
150650
150691
150732
150773
150814
150855
150896
150938
150980
151022
151064
151106
151148
151190
151232
151274
151316
151358
151400
151442
151484
151526
151568
151610
151652
151694
151736
151778
151820
151862
151904
151946
151988
152030
152072
152114
152156
152198
152240
152282
152324
152366
152408
152450
152492
152534
152576
152618
152660
152702
152744
152786
152828
152870
152912
152954
152996
153038
153080
153122
153164
153206
153248
153290
153332
153374
153416
153458
153500
153542
153584
153626
153668
153710
153752
153794
153836
153878
153920
153962
154004
154046
154088
154130
154172
154214
154256
154298
154340
154382
154424
154466
154508
154550
154592
154634
154676
154718
154760
154802
154844
154886
154928
154970
155012
155054
155096
155138
155180
155222
155264
155306
155348
155390
155432
155474
155516
155558
155600
155642
155684
155726
155769
155812
155855
155898
155941
155984
156027
156070
156113
156156
156199
156242
156285
156328
156371
156414
156457
156500
156543
156586
156629
156672
156715
156758
156801
156844
156887
156930
156973
157016
157059
157102
157145
157188
157231
157274
157317
157360
157403
157446
157489
157532
157575
157618
157661
157704
157747
157790
157833
157876
157919
157962
158005
158048
158091
158134
158177
158220
158263
158306
158349
158392
158435
158478
158521
158564
158607
158650
158693
158736
158779
158822
158865
158908
158951
158994
159037
159080
159123
159166
159209
159252
159295
159338
159381
159424
159467
159510
159553
159596
159639
159682
159725
159768
159811
159854
159897
159940
159983
160026
160069
160112
160155
160198
160241
160284
160327
160370
160413
160456
160499
160542
160585
160628
160671
160714
160757
160800
160843
160886
160929
160972
161015
161058
161101
161144
161187
161230
161273
161316
161359
161403
161447
161491
161535
161579
161623
161667
161711
161755
161799
161843
161887
161931
161975
162019
162063
162107
162151
162195
162239
162283
162327
162371
162415
162459
162503
162547
162591
162635
162679
162723
162767
162811
162855
162899
162943
162987
163031
163075
163119
163163
163207
163251
163295
163339
163383
163427
163471
163515
163559
163603
163647
163691
163735
163779
163823
163867
163911
163955
163999
164043
164087
164131
164175
164219
164263
164307
164351
164395
164439
164483
164527
164571
164615
164659
164703
164747
164791
164835
164879
164923
164967
165011
165055
165099
165143
165187
165231
165275
165319
165363
165407
165451
165495
165539
165583
165627
165671
165715
165759
165803
165847
165891
165935
165979
166023
166067
166111
166155
166199
166244
166289
166334
166379
166424
166469
166514
166559
166604
166649
166694
166739
166784
166829
166874
166919
166964
167009
167054
167099
167144
167189
167234
167279
167324
167369
167414
167459
167504
167549
167594
167639
167684
167729
167774
167819
167864
167909
167954
167999
168044
168089
168134
168179
168224
168269
168314
168359
168404
168449
168494
168539
168584
168629
168674
168719
168764
168809
168854
168899
168944
168989
169034
169079
169124
169169
169214
169259
169304
169349
169394
169439
169484
169529
169574
169619
169664
169709
169754
169799
169844
169889
169934
169979
170024
170069
170114
170159
170204
170249
170294
170339
170384
170429
170474
170519
170564
170609
170654
170699
170744
170789
170834
170880
170926
170972
171018
171064
171110
171156
171202
171248
171294
171340
171386
171432
171478
171524
171570
171616
171662
171708
171754
171800
171846
171892
171938
171984
172030
172076
172122
172168
172214
172260
172306
172352
172398
172444
172490
172536
172582
172628
172674
172720
172766
172812
172858
172904
172950
172996
173042
173088
173134
173180
173226
173272
173318
173364
173410
173456
173502
173548
173594
173640
173686
173732
173778
173824
173870
173916
173962
174008
174054
174100
174146
174192
174238
174284
174330
174376
174422
174468
174514
174560
174606
174652
174698
174744
174790
174836
174882
174928
174974
175020
175066
175112
175158
175204
175250
175296
175342
175388
175434
175480
175526
175572
175618
175664
175710
175756
175802
175848
175895
175942
175989
176036
176083
176130
176177
176224
176271
176318
176365
176412
176459
176506
176553
176600
176647
176694
176741
176788
176835
176882
176929
176976
177023
177070
177117
177164
177211
177258
177305
177352
177399
177446
177493
177540
177587
177634
177681
177728
177775
177822
177869
177916
177963
178010
178057
178104
178151
178198
178245
178292
178339
178386
178433
178480
178527
178574
178621
178668
178715
178762
178809
178856
178903
178950
178997
179044
179091
179138
179185
179232
179279
179326
179373
179420
179467
179514
179561
179608
179655
179702
179749
179796
179843
179890
179937
179984
180031
180078
180125
180172
180219
180266
180313
180361
180409
180457
180505
180553
180601
180649
180697
180745
180793
180841
180889
180937
180985
181033
181081
181129
181177
181225
181273
181321
181369
181417
181465
181513
181561
181609
181657
181705
181753
181801
181849
181897
181945
181993
182041
182089
182137
182185
182233
182281
182329
182377
182425
182473
182521
182569
182617
182665
182713
182761
182809
182857
182905
182953
183001
183049
183097
183145
183193
183241
183289
183337
183385
183433
183481
183529
183577
183625
183673
183721
183769
183817
183865
183913
183961
184009
184057
184105
184153
184201
184249
184297
184345
184393
184441
184489
184537
184585
184633
184682
184731
184780
184829
184878
184927
184976
185025
185074
185123
185172
185221
185270
185319
185368
185417
185466
185515
185564
185613
185662
185711
185760
185809
185858
185907
185956
186005
186054
186103
186152
186201
186250
186299
186348
186397
186446
186495
186544
186593
186642
186691
186740
186789
186838
186887
186936
186985
187034
187083
187132
187181
187230
187279
187328
187377
187426
187475
187524
187573
187622
187671
187720
187769
187818
187867
187916
187965
188014
188063
188112
188161
188210
188259
188308
188357
188406
188455
188504
188553
188602
188651
188700
188749
188798
188847
188896
188945
188994
189043
189092
189141
189190
189239
189288
189337
189386
189435
189484
189533
189582
189631
189680
189729
189778
189827
189876
189926
189976
190026
190076
190126
190176
190226
190276
190326
190376
190426
190476
190526
190576
190626
190676
190726
190776
190826
190876
190926
190976
191026
191076
191126
191176
191226
191276
191326
191376
191426
191476
191526
191576
191626
191676
191726
191776
191826
191876
191926
191976
192026
192076
192126
192176
192226
192276
192326
192376
192426
192476
192526
192576
192626
192676
192726
192776
192826
192876
192926
192976
193026
193076
193126
193176
193226
193276
193326
193376
193426
193476
193526
193576
193626
193676
193726
193776
193826
193876
193926
193976
194026
194076
194126
194176
194226
194276
194326
194376
194426
194476
194526
194576
194626
194677
194728
194779
194830
194881
194932
194983
195034
195085
195136
195187
195238
195289
195340
195391
195442
195493
195544
195595
195646
195697
195748
195799
195850
195901
195952
196003
196054
196105
196156
196207
196258
196309
196360
196411
196462
196513
196564
196615
196666
196717
196768
196819
196870
196921
196972
197023
197074
197125
197176
197227
197278
197329
197380
197431
197482
197533
197584
197635
197686
197737
197788
197839
197890
197941
197992
198043
198094
198145
198196
198247
198298
198349
198400
198451
198502
198553
198604
198655
198706
198757
198808
198859
198910
198961
199012
199063
199114
199165
199216
199267
199318
199369
199420
199471
199522
199573
199624
199675
199727
199779
199831
199883
199935
199987
200039
200091
200143
200195
200247
200299
200351
200403
200455
200507
200559
200611
200663
200715
200767
200819
200871
200923
200975
201027
201079
201131
201183
201235
201287
201339
201391
201443
201495
201547
201599
201651
201703
201755
201807
201859
201911
201963
202015
202067
202119
202171
202223
202275
202327
202379
202431
202483
202535
202587
202639
202691
202743
202795
202847
202899
202951
203003
203055
203107
203159
203211
203263
203315
203367
203419
203471
203523
203575
203627
203679
203731
203783
203835
203887
203939
203991
204043
204095
204147
204199
204251
204303
204355
204407
204459
204511
204563
204615
204667
204719
204771
204823
204875
204927
204979
205031
205083
205135
205188
205241
205294
205347
205400
205453
205506
205559
205612
205665
205718
205771
205824
205877
205930
205983
206036
206089
206142
206195
206248
206301
206354
206407
206460
206513
206566
206619
206672
206725
206778
206831
206884
206937
206990
207043
207096
207149
207202
207255
207308
207361
207414
207467
207520
207573
207626
207679
207732
207785
207838
207891
207944
207997
208050
208103
208156
208209
208262
208315
208368
208421
208474
208527
208580
208633
208686
208739
208792
208845
208898
208951
209004
209057
209110
209163
209216
209269
209322
209376
209430
209484
209538
209592
209646
209700
209754
209808
209862
209916
209970
210024
210078
210132
210186
210240
210294
210348
210402
210456
210510
210564
210618
210672
210726
210780
210834
210888
210942
210996
211050
211104
211158
211212
211266
211320
211374
211428
211482
211536
211590
211644
211698
211752
211806
211860
211914
211968
212022
212076
212130
212184
212238
212292
212346
212400
212454
212508
212562
212616
212670
212724
212778
212832
212886
212940
212994
213048
213102
213156
213210
213264
213318
213372
213426
213480
213534
213588
213642
213696
213750
213804
213859
213914
213969
214024
214079
214134
214189
214244
214299
214354
214409
214464
214519
214574
214629
214684
214739
214794
214849
214904
214959
215014
215069
215124
215179
215234
215289
215344
215399
215454
215509
215564
215619
215674
215729
215784
215839
215894
215949
216004
216059
216114
216169
216224
216279
216334
216389
216444
216499
216554
216609
216664
216719
216774
216829
216884
216939
216994
217049
217104
217159
217214
217269
217324
217379
217434
217489
217544
217599
217654
217709
217764
217819
217874
217929
217984
218039
218094
218149
218204
218259
218314
218369
218424
218479
218534
218589
218644
218699
218754
218809
218865
218921
218977
219033
219089
219145
219201
219257
219313
219369
219425
219481
219537
219593
219649
219705
219761
219817
219873
219929
219985
220041
220097
220153
220209
220265
220321
220377
220433
220489
220545
220601
220657
220713
220769
220825
220881
220937
220993
221049
221105
221161
221217
221273
221329
221385
221441
221497
221553
221609
221665
221721
221777
221833
221889
221945
222001
222057
222113
222169
222225
222281
222337
222393
222449
222505
222561
222617
222673
222729
222785
222841
222897
222953
223009
223065
223121
223177
223233
223289
223345
223401
223457
223513
223569
223625
223681
223737
223793
223850
223907
223964
224021
224078
224135
224192
224249
224306
224363
224420
224477
224534
224591
224648
224705
224762
224819
224876
224933
224990
225047
225104
225161
225218
225275
225332
225389
225446
225503
225560
225617
225674
225731
225788
225845
225902
225959
226016
226073
226130
226187
226244
226301
226358
226415
226472
226529
226586
226643
226700
226757
226814
226871
226928
226985
227042
227099
227156
227213
227270
227327
227384
227441
227498
227555
227612
227669
227726
227783
227840
227897
227954
228011
228068
228125
228182
228239
228297
228355
228413
228471
228529
228587
228645
228703
228761
228819
228877
228935
228993
229051
229109
229167
229225
229283
229341
229399
229457
229515
229573
229631
229689
229747
229805
229863
229921
229979
230037
230095
230153
230211
230269
230327
230385
230443
230501
230559
230617
230675
230733
230791
230849
230907
230965
231023
231081
231139
231197
231255
231313
231371
231429
231487
231545
231603
231661
231719
231777
231835
231893
231951
232009
232067
232125
232183
232241
232299
232357
232415
232473
232531
232589
232647
232705
232763
232821
232879
232937
232995
233054
233113
233172
233231
233290
233349
233408
233467
233526
233585
233644
233703
233762
233821
233880
233939
233998
234057
234116
234175
234234
234293
234352
234411
234470
234529
234588
234647
234706
234765
234824
234883
234942
235001
235060
235119
235178
235237
235296
235355
235414
235473
235532
235591
235650
235709
235768
235827
235886
235945
236004
236063
236122
236181
236240
236299
236358
236417
236476
236535
236594
236653
236712
236771
236830
236889
236948
237007
237066
237125
237184
237243
237302
237361
237420
237479
237538
237597
237656
237715
237774
237833
237892
237951
238010
238069
238129
238189
238249
238309
238369
238429
238489
238549
238609
238669
238729
238789
238849
238909
238969
239029
239089
239149
239209
239269
239329
239389
239449
239509
239569
239629
239689
239749
239809
239869
239929
239989
240049
240109
240169
240229
240289
240349
240409
240469
240529
240589
240649
240709
240769
240829
240889
240949
241009
241069
241129
241189
241249
241309
241369
241429
241489
241549
241609
241669
241729
241789
241850
241911
241972
242033
242094
242155
242216
242277
242338
242399
242460
242521
242582
242643
242704
242765
242826
242887
242948
243009
243070
243131
243192
243253
243314
243375
243436
243497
243558
243619
243680
243741
243802
243863
243924
243985
244046
244107
244168
244229
244290
244351
244412
244473
244534
244595
244656
244717
244778
244839
244900
244961
245022
245083
245144
245205
245266
245327
245388
245450
245512
245574
245636
245698
245760
245822
245884
245946
246008
246070
246132
246194
246256
246318
246380
246442
246504
246566
246628
246690
246752
246814
246876
246938
247000
247062
247124
247186
247248
247310
247372
247434
247496
247558
247620
247682
247744
247806
247868
247930
247992
248054
248116
248178
248240
248302
248364
248426
248488
248550
248612
248674
248736
248798
248860
248922
248984
249046
249108
249170
249232
249294
249356
249418
249480
249542
249604
249667
249730
249793
249856
249919
249982
250045
250108
250171
250234
250297
250360
250423
250486
250549
250612
250675
250738
250801
250864
250927
250990
251053
251116
251179
251242
251305
251368
251431
251494
251557
251620
251683
251746
251809
251872
251935
251998
252061
252124
252187
252250
252313
252376
252439
252502
252565
252628
252691
252754
252817
252880
252943
253006
253069
253132
253195
253258
253321
253384
253447
253510
253573
253636
253699
253762
253825
253889
253953
254017
254081
254145
254209
254273
254337
254401
254465
254529
254593
254657
254721
254785
254849
254913
254977
255041
255105
255169
255233
255297
255361
255425
255489
255553
255617
255681
255745
255809
255873
255937
256001
256065
256129
256193
256257
256321
256385
256449
256513
256577
256641
256705
256769
256833
256897
256961
257025
257089
257153
257217
257281
257345
257409
257473
257537
257601
257665
257729
257793
257857
257921
257985
258049
258113
258177
258241
258305
258369
258433
258497
258561
258625
258689
258753
258817
258881
258945
259010
259075
259140
259205
259270
259335
259400
259465
259530
259595
259660
259725
259790
259855
259920
259985
260050
260115
260180
260245
260310
260375
260440
260505
260570
260635
260700
260765
260830
260895
260960
261025
261090
261155
261220
261285
261350
261415
261480
261545
261610
261675
261740
261805
261870
261935
262000
262065
262130
262195
262260
262325
262390
262455
262520
262585
262650
262715
262780
262845
262910
262975
263040
263105
263170
263235
263300
263365
263430
263495
263560
263625
263690
263755
263820
263885
263950
264015
264080
264145
264210
264275
264340
264405
264470
264535
264600
264665
264731
264797
264863
264929
264995
265061
265127
265193
265259
265325
265391
265457
265523
265589
265655
265721
265787
265853
265919
265985
266051
266117
266183
266249
266315
266381
266447
266513
266579
266645
266711
266777
266843
266909
266975
267041
267107
267173
267239
267305
267371
267437
267503
267569
267635
267701
267767
267833
267899
267965
268031
268097
268163
268229
268295
268361
268427
268493
268559
268625
268691
268757
268823
268889
268955
269021
269087
269153
269219
269285
269351
269417
269483
269550
269617
269684
269751
269818
269885
269952
270019
270086
270153
270220
270287
270354
270421
270488
270555
270622
270689
270756
270823
270890
270957
271024
271091
271158
271225
271292
271359
271426
271493
271560
271627
271694
271761
271828
271895
271962
272029
272096
272163
272230
272297
272364
272431
272498
272565
272632
272699
272766
272833
272900
272967
273034
273102
273170
273238
273306
273374
273442
273510
273578
273646
273714
273782
273850
273918
273986
274054
274122
274190
274258
274326
274394
274462
274530
274598
274666
274734
274802
274870
274938
275006
275074
275142
275210
275278
275346
275414
275482
275550
275618
275686
275754
275822
275890
275958
276026
276094
276162
276230
276298
276366
276434
276502
276570
276638
276706
276774
276842
276910
276978
277046
277114
277182
277250
277318
277386
277454
277522
277590
277658
277726
277794
277863
277932
278001
278070
278139
278208
278277
278346
278415
278484
278553
278622
278691
278760
278829
278898
278967
279036
279105
279174
279243
279312
279381
279450
279519
279588
279657
279726
279795
279864
279933
280002
280071
280140
280209
280278
280347
280416
280485
280554
280623
280692
280761
280830
280899
280968
281037
281106
281175
281244
281313
281382
281451
281520
281589
281658
281727
281796
281865
281934
282003
282072
282141
282210
282279
282348
282417
282486
282556
282626
282696
282766
282836
282906
282976
283046
283116
283186
283256
283326
283396
283466
283536
283606
283676
283746
283816
283886
283956
284026
284096
284166
284236
284306
284376
284446
284516
284586
284656
284726
284796
284866
284936
285006
285076
285146
285216
285286
285356
285426
285496
285566
285636
285706
285776
285846
285916
285986
286056
286126
286196
286266
286336
286406
286476
286546
286617
286688
286759
286830
286901
286972
287043
287114
287185
287256
287327
287398
287469
287540
287611
287682
287753
287824
287895
287966
288037
288108
288179
288250
288321
288392
288463
288534
288605
288676
288747
288818
288889
288960
289031
289102
289173
289244
289315
289386
289457
289528
289599
289670
289741
289812
289883
289954
290025
290096
290167
290238
290309
290380
290451
290522
290593
290664
290735
290806
290877
290948
291019
291091
291163
291235
291307
291379
291451
291523
291595
291667
291739
291811
291883
291955
292027
292099
292171
292243
292315
292387
292459
292531
292603
292675
292747
292819
292891
292963
293035
293107
293179
293251
293323
293395
293467
293539
293611
293683
293755
293827
293899
293971
294043
294115
294187
294259
294331
294404
294477
294550
294623
294696
294769
294842
294915
294988
295061
295134
295207
295280
295353
295426
295499
295572
295645
295718
295791
295864
295937
296010
296083
296156
296229
296302
296375
296448
296521
296594
296667
296740
296813
296886
296959
297032
297105
297178
297251
297324
297397
297470
297543
297616
297689
297762
297835
297908
297981
298054
298127
298200
298273
298346
298419
298492
298565
298638
298711
298785
298859
298933
299007
299081
299155
299229
299303
299377
299451
299525
299599
299673
299747
299821
299895
299969
300043
300117
300191
300265
300339
300413
300487
300561
300635
300709
300783
300857
300931
301005
301079
301153
301227
301301
301375
301449
301523
301597
301671
301745
301819
301893
301967
302041
302115
302189
302263
302337
302411
302485
302559
302634
302709
302784
302859
302934
303009
303084
303159
303234
303309
303384
303459
303534
303609
303684
303759
303834
303909
303984
304059
304134
304209
304284
304359
304434
304509
304584
304659
304734
304809
304884
304959
305034
305109
305184
305259
305334
305409
305484
305559
305634
305709
305784
305859
305934
306009
306084
306159
306234
306309
306384
306459
306534
306609
306684
306759
306834
306910
306986
307062
307138
307214
307290
307366
307442
307518
307594
307670
307746
307822
307898
307974
308050
308126
308202
308278
308354
308430
308506
308582
308658
308734
308810
308886
308962
309038
309114
309190
309266
309342
309418
309494
309570
309646
309722
309798
309874
309950
310026
310102
310178
310254
310330
310406
310482
310558
310634
310710
310787
310864
310941
311018
311095
311172
311249
311326
311403
311480
311557
311634
311711
311788
311865
311942
312019
312096
312173
312250
312327
312404
312481
312558
312635
312712
312789
312866
312943
313020
313097
313174
313251
313328
313405
313482
313559
313636
313713
313790
313867
313944
314021
314098
314175
314252
314329
314406
314483
314560
314637
314714
314791
314868
314945
315022
315099
315176
315253
315330
315407
315484
315561
315639
315717
315795
315873
315951
316029
316107
316185
316263
316341
316419
316497
316575
316653
316731
316809
316887
316965
317043
317121
317199
317277
317355
317433
317511
317589
317667
317745
317823
317901
317979
318057
318135
318213
318291
318369
318447
318525
318603
318681
318759
318837
318915
318993
319071
319149
319227
319305
319383
319461
319539
319617
319695
319773
319851
319929
320008
320087
320166
320245
320324
320403
320482
320561
320640
320719
320798
320877
320956
321035
321114
321193
321272
321351
321430
321509
321588
321667
321746
321825
321904
321983
322062
322141
322220
322299
322378
322457
322536
322615
322694
322773
322852
322931
323010
323089
323168
323247
323326
323405
323484
323563
323642
323721
323800
323879
323958
324037
324116
324196
324276
324356
324436
324516
324596
324676
324756
324836
324916
324996
325076
325156
325236
325316
325396
325476
325556
325636
325716
325796
325876
325956
326036
326116
326196
326276
326356
326436
326516
326596
326676
326756
326836
326916
326996
327076
327156
327236
327316
327396
327476
327556
327636
327716
327796
327876
327956
328036
328116
328197
328278
328359
328440
328521
328602
328683
328764
328845
328926
329007
329088
329169
329250
329331
329412
329493
329574
329655
329736
329817
329898
329979
330060
330141
330222
330303
330384
330465
330546
330627
330708
330789
330870
330951
331032
331113
331194
331275
331356
331437
331518
331599
331680
331761
331842
331923
332004
332085
332166
332247
332328
332409
332490
332572
332654
332736
332818
332900
332982
333064
333146
333228
333310
333392
333474
333556
333638
333720
333802
333884
333966
334048
334130
334212
334294
334376
334458
334540
334622
334704
334786
334868
334950
335032
335114
335196
335278
335360
335442
335524
335606
335688
335770
335852
335934
336016
336098
336180
336262
336345
336428
336511
336594
336677
336760
336843
336926
337009
337092
337175
337258
337341
337424
337507
337590
337673
337756
337839
337922
338005
338088
338171
338254
338337
338420
338503
338586
338669
338752
338835
338918
339001
339084
339167
339250
339333
339416
339499
339582
339665
339748
339831
339914
339997
340080
340163
340246
340329
340412
340495
340578
340661
340744
340827
340910
340993
341076
341160
341244
341328
341412
341496
341580
341664
341748
341832
341916
342000
342084
342168
342252
342336
342420
342504
342588
342672
342756
342840
342924
343008
343092
343176
343260
343344
343428
343512
343596
343680
343764
343848
343932
344016
344100
344184
344268
344352
344436
344520
344604
344688
344772
344856
344940
345024
345108
345192
345276
345360
345444
345528
345613
345698
345783
345868
345953
346038
346123
346208
346293
346378
346463
346548
346633
346718
346803
346888
346973
347058
347143
347228
347313
347398
347483
347568
347653
347738
347823
347908
347993
348078
348163
348248
348333
348418
348503
348588
348673
348758
348843
348928
349013
349098
349183
349268
349353
349438
349523
349608
349693
349778
349863
349949
350035
350121
350207
350293
350379
350465
350551
350637
350723
350809
350895
350981
351067
351153
351239
351325
351411
351497
351583
351669
351755
351841
351927
352013
352099
352185
352271
352357
352443
352529
352615
352701
352787
352873
352959
353045
353131
353217
353303
353389
353475
353561
353647
353733
353819
353906
353993
354080
354167
354254
354341
354428
354515
354602
354689
354776
354863
354950
355037
355124
355211
355298
355385
355472
355559
355646
355733
355820
355907
355994
356081
356168
356255
356342
356429
356516
356603
356690
356777
356864
356951
357038
357125
357212
357299
357386
357473
357560
357647
357734
357822
357910
357998
358086
358174
358262
358350
358438
358526
358614
358702
358790
358878
358966
359054
359142
359230
359318
359406
359494
359582
359670
359758
359846
359934
360022
360110
360198
360286
360374
360462
360550
360638
360726
360814
360902
360990
361078
361166
361254
361342
361430
361519
361608
361697
361786
361875
361964
362053
362142
362231
362320
362409
362498
362587
362676
362765
362854
362943
363032
363121
363210
363299
363388
363477
363566
363655
363744
363833
363922
364011
364100
364189
364278
364367
364456
364545
364634
364723
364812
364901
364990
365079
365168
365257
365346
365436
365526
365616
365706
365796
365886
365976
366066
366156
366246
366336
366426
366516
366606
366696
366786
366876
366966
367056
367146
367236
367326
367416
367506
367596
367686
367776
367866
367956
368046
368136
368226
368316
368406
368496
368586
368676
368766
368856
368946
369036
369126
369216
369306
369396
369486
369576
369666
369756
369846
369936
370027
370118
370209
370300
370391
370482
370573
370664
370755
370846
370937
371028
371119
371210
371301
371392
371483
371574
371665
371756
371847
371938
372029
372120
372211
372302
372393
372484
372575
372666
372757
372848
372939
373030
373121
373212
373303
373394
373485
373576
373667
373758
373849
373940
374031
374122
374213
374304
374395
374486
374577
374668
374759
374850
374941
375032
375123
375214
375306
375398
375490
375582
375674
375766
375858
375950
376042
376134
376226
376318
376410
376502
376594
376686
376778
376870
376962
377054
377146
377238
377330
377422
377514
377606
377698
377790
377882
377974
378066
378158
378250
378342
378434
378526
378618
378710
378802
378894
378986
379078
379170
379262
379354
379446
379538
379630
379722
379814
379906
379998
380090
380182
380274
380367
380460
380553
380646
380739
380832
380925
381018
381111
381204
381297
381390
381483
381576
381669
381762
381855
381948
382041
382134
382227
382320
382413
382506
382599
382692
382785
382878
382971
383064
383157
383250
383343
383436
383529
383622
383715
383808
383901
383994
384087
384180
384273
384366
384459
384552
384645
384739
384833
384927
385021
385115
385209
385303
385397
385491
385585
385679
385773
385867
385961
386055
386149
386243
386337
386431
386525
386619
386713
386807
386901
386995
387089
387183
387277
387371
387465
387559
387653
387747
387841
387935
388029
388123
388217
388311
388405
388499
388594
388689
388784
388879
388974
389069
389164
389259
389354
389449
389544
389639
389734
389829
389924
390019
390114
390209
390304
390399
390494
390589
390684
390779
390874
390969
391064
391159
391254
391349
391444
391539
391634
391729
391824
391919
392014
392109
392204
392299
392394
392489
392584
392679
392774
392869
392964
393059
393154
393250
393346
393442
393538
393634
393730
393826
393922
394018
394114
394210
394306
394402
394498
394594
394690
394786
394882
394978
395074
395170
395266
395362
395458
395554
395650
395746
395842
395938
396034
396130
396226
396322
396418
396514
396610
396706
396802
396898
396994
397090
397186
397282
397378
397474
397570
397666
397762
397858
397954
398050
398146
398242
398338
398434
398530
398626
398722
398818
398914
399011
399108
399205
399302
399399
399496
399593
399690
399787
399884
399981
400078
400175
400272
400369
400466
400563
400660
400757
400854
400951
401048
401145
401242
401339
401436
401533
401630
401727
401824
401921
402018
402115
402212
402309
402406
402503
402600
402697
402794
402891
402988
403085
403182
403279
403377
403475
403573
403671
403769
403867
403965
404063
404161
404259
404357
404455
404553
404651
404749
404847
404945
405043
405141
405239
405337
405435
405533
405631
405729
405827
405925
406023
406121
406219
406317
406415
406513
406611
406709
406807
406905
407004
407103
407202
407301
407400
407499
407598
407697
407796
407895
407994
408093
408192
408291
408390
408489
408588
408687
408786
408885
408984
409083
409182
409281
409380
409479
409578
409677
409776
409875
409974
410073
410172
410271
410370
410470
410570
410670
410770
410870
410970
411070
411170
411270
411370
411470
411570
411670
411770
411870
411970
412070
412170
412270
412370
412470
412570
412670
412770
412870
412970
413070
413170
413270
413370
413470
413570
413670
413770
413870
413970
414071
414172
414273
414374
414475
414576
414677
414778
414879
414980
415081
415182
415283
415384
415485
415586
415687
415788
415889
415990
416091
416192
416293
416394
416495
416596
416697
416798
416899
417000
417101
417202
417303
417404
417505
417606
417707
417808
417909
418010
418111
418213
418315
418417
418519
418621
418723
418825
418927
419029
419131
419233
419335
419437
419539
419641
419743
419845
419947
420049
420151
420253
420355
420457
420559
420661
420763
420865
420967
421069
421171
421273
421375
421477
421579
421681
421783
421885
421987
422089
422191
422293
422395
422497
422600
422703
422806
422909
423012
423115
423218
423321
423424
423527
423630
423733
423836
423939
424042
424145
424248
424351
424454
424557
424660
424763
424866
424969
425072
425175
425278
425381
425484
425587
425690
425793
425896
425999
426102
426205
426308
426411
426514
426617
426720
426823
426926
427029
427132
427236
427340
427444
427548
427652
427756
427860
427964
428068
428172
428276
428380
428484
428588
428692
428796
428900
429004
429108
429212
429316
429420
429524
429628
429732
429836
429940
430044
430148
430252
430356
430460
430564
430668
430772
430876
430980
431084
431188
431292
431396
431500
431604
431708
431812
431916
432020
432124
432229
432334
432439
432544
432649
432754
432859
432964
433069
433174
433279
433384
433489
433594
433699
433804
433909
434014
434119
434224
434329
434434
434539
434644
434749
434854
434959
435064
435169
435274
435379
435484
435589
435694
435799
435904
436009
436114
436219
436324
436429
436534
436639
436744
436850
436956
437062
437168
437274
437380
437486
437592
437698
437804
437910
438016
438122
438228
438334
438440
438546
438652
438758
438864
438970
439076
439182
439288
439394
439500
439606
439713
439820
439927
440034
440141
440248
440355
440462
440569
440676
440783
440890
440997
441104
441211
441318
441425
441532
441639
441747
441855
441963
442071
442179
442287
442395
442503
442611
442719
442827
442935
443043
443151
443259
443367
443475
443583
443691
443799
443907
444015
444123
444231
444339
444447
444555
444663
444771
444879
444987
445095
445203
445311
445419
445527
445635
445744
445853
445962
446071
446180
446289
446398
446507
446616
446725
446834
446943
447052
447161
447270
447379
447488
447597
447706
447815
447924
448033
448142
448251
448360
448469
448578
448687
448797
448907
449017
449127
449237
449347
449457
449567
449677
449787
449897
450007
450117
450227
450337
450447
450557
450667
450777
450887
450997
451107
451217
451327
451437
451547
451657
451767
451877
451987
452098
452209
452320
452431
452542
452653
452764
452875
452986
453097
453208
453319
453430
453541
453652
453763
453874
453985
454096
454207
454318
454429
454540
454651
454762
454873
454984
455095
455206
455317
455428
455539
455650
455762
455874
455986
456098
456210
456322
456434
456546
456658
456770
456882
456994
457106
457218
457330
457442
457554
457666
457778
457890
458002
458114
458226
458338
458450
458562
458674
458786
458898
459010
459122
459234
459346
459458
459570
459682
459794
459906
460018
460130
460242
460354
460466
460578
460690
460803
460916
461029
461142
461255
461368
461481
461594
461707
461820
461933
462046
462159
462272
462385
462498
462611
462724
462837
462950
463063
463176
463289
463402
463515
463628
463742
463856
463970
464084
464198
464312
464426
464540
464654
464768
464882
464996
465110
465224
465338
465452
465566
465680
465794
465908
466022
466136
466250
466364
466478
466592
466707
466822
466937
467052
467167
467282
467397
467512
467627
467742
467857
467972
468087
468202
468317
468432
468547
468662
468777
468892
469007
469122
469237
469352
469467
469582
469697
469812
469927
470043
470159
470275
470391
470507
470623
470739
470855
470971
471087
471203
471319
471435
471551
471667
471783
471899
472015
472131
472247
472363
472479
472595
472711
472827
472943
473059
473175
473292
473409
473526
473643
473760
473877
473994
474111
474228
474345
474462
474579
474696
474813
474930
475047
475164
475281
475398
475515
475632
475749
475866
475983
476100
476217
476334
476451
476568
476685
476802
476919
477036
477153
477270
477388
477506
477624
477742
477860
477978
478096
478214
478332
478450
478568
478686
478804
478922
479040
479158
479276
479394
479512
479630
479748
479866
479984
480102
480220
480338
480456
480574
480693
480812
480931
481050
481169
481288
481407
481526
481645
481764
481883
482002
482121
482240
482359
482478
482597
482716
482835
482954
483073
483192
483311
483430
483549
483668
483787
483906
484025
484144
484263
484383
484503
484623
484743
484863
484983
485103
485223
485343
485463
485583
485703
485823
485943
486063
486183
486303
486423
486543
486663
486783
486903
487023
487143
487264
487385
487506
487627
487748
487869
487990
488111
488232
488353
488474
488595
488716
488837
488958
489079
489200
489321
489442
489563
489684
489805
489927
490049
490171
490293
490415
490537
490659
490781
490903
491025
491147
491269
491391
491513
491635
491757
491879
492001
492123
492245
492368
492491
492614
492737
492860
492983
493106
493229
493352
493475
493598
493721
493844
493967
494090
494213
494336
494459
494582
494705
494828
494951
495074
495197
495320
495443
495566
495690
495814
495938
496062
496186
496310
496434
496558
496682
496806
496930
497054
497178
497302
497426
497550
497674
497798
497922
498046
498170
498294
498418
498543
498668
498793
498918
499043
499168
499293
499418
499543
499668
499793
499918
500043
500168
500293
500418
500543
500668
500794
500920
501046
501172
501298
501424
501550
501676
501802
501928
502054
502180
502306
502432
502558
502684
502810
502936
503062
503188
503314
503440
503566
503692
503818
503944
504070
504196
504322
504448
504574
504700
504826
504952
505078
505204
505330
505457
505584
505711
505838
505965
506092
506219
506346
506473
506600
506727
506854
506981
507108
507235
507362
507489
507616
507743
507870
507997
508124
508251
508378
508505
508632
508759
508886
509013
509141
509269
509397
509525
509653
509781
509909
510037
510165
510293
510421
510549
510677
510805
510933
511061
511189
511317
511445
511573
511701
511829
511957
512085
512213
512341
512469
512597
512726
512855
512984
513113
513242
513371
513500
513629
513758
513887
514016
514145
514274
514403
514532
514661
514790
514919
515048
515177
515306
515435
515564
515693
515822
515952
516082
516212
516342
516472
516602
516732
516862
516992
517122
517252
517382
517512
517642
517772
517902
518032
518162
518292
518422
518552
518682
518812
518942
519072
519202
519332
519462
519593
519724
519855
519986
520117
520248
520379
520510
520641
520772
520903
521034
521165
521296
521427
521558
521689
521820
521951
522082
522213
522344
522475
522606
522737
522868
522999
523130
523261
523392
523524
523656
523788
523920
524052
524184
524316
524448
524580
524712
524844
524976
525108
525240
525372
525504
525636
525768
525900
526032
526164
526296
526428
526561
526694
526827
526960
527093
527226
527359
527492
527625
527758
527891
528024
528157
528290
528423
528556
528689
528822
528955
529088
529221
529354
529487
529620
529753
529886
530019
530152
530285
530418
530551
530684
530817
530950
531083
531216
531349
531482
531615
531749
531883
532017
532151
532285
532419
532553
532687
532821
532955
533089
533223
533357
533491
533625
533759
533893
534027
534161
534295
534429
534563
534697
534831
534965
535099
535233
535367
535501
535635
535769
535903
536037
536171
536305
536439
536574
536709
536844
536979
537114
537249
537384
537519
537654
537789
537924
538059
538194
538329
538464
538599
538735
538871
539007
539143
539279
539415
539551
539687
539823
539959
540095
540231
540367
540503
540639
540775
540911
541047
541183
541319
541455
541591
541727
541863
541999
542135
542271
542407
542543
542679
542815
542951
543087
543223
543359
543496
543633
543770
543907
544044
544181
544318
544455
544592
544729
544866
545003
545140
545277
545414
545551
545688
545825
545962
546099
546236
546373
546510
546647
546784
546921
547058
547195
547332
547469
547607
547745
547883
548021
548159
548297
548435
548573
548711
548849
548987
549125
549263
549401
549539
549677
549815
549953
550091
550229
550367
550505
550643
550781
550919
551058
551197
551336
551475
551614
551753
551892
552031
552170
552309
552448
552588
552728
552868
553008
553148
553288
553428
553568
553708
553848
553988
554128
554268
554408
554548
554688
554828
554968
555108
555248
555388
555528
555668
555808
555948
556088
556229
556370
556511
556652
556793
556934
557075
557216
557357
557498
557639
557780
557921
558062
558203
558344
558485
558626
558767
558908
559049
559190
559331
559472
559613
559754
559896
560038
560180
560322
560464
560606
560748
560890
561032
561174
561316
561458
561600
561742
561884
562026
562168
562310
562452
562594
562737
562880
563023
563166
563309
563452
563595
563738
563881
564024
564167
564310
564453
564596
564739
564882
565025
565168
565311
565454
565597
565740
565884
566028
566172
566316
566460
566604
566748
566892
567036
567180
567324
567468
567612
567756
567900
568044
568188
568332
568476
568621
568766
568911
569056
569201
569346
569491
569636
569781
569926
570071
570216
570361
570506
570651
570796
570941
571086
571231
571376
571521
571667
571813
571959
572105
572251
572397
572543
572689
572835
572981
573127
573273
573419
573565
573711
573857
574003
574149
574295
574441
574587
574734
574881
575028
575175
575322
575469
575616
575763
575910
576057
576204
576351
576498
576645
576792
576939
577086
577233
577380
577527
577674
577821
577968
578116
578264
578412
578560
578708
578856
579004
579152
579300
579448
579596
579744
579892
580040
580188
580336
580484
580632
580780
580928
581076
581224
581372
581520
581668
581816
581964
582112
582260
582408
582557
582706
582855
583004
583153
583302
583451
583600
583749
583898
584047
584196
584345
584494
584643
584792
584941
585090
585239
585388
585537
585686
585835
585984
586133
586282
586431
586581
586731
586881
587031
587181
587331
587481
587631
587781
587931
588081
588231
588381
588531
588681
588831
588981
589131
589281
589431
589581
589731
589881
590031
590182
590333
590484
590635
590786
590937
591088
591239
591390
591541
591692
591843
591994
592145
592297
592449
592601
592753
592905
593057
593209
593361
593513
593665
593817
593969
594121
594274
594427
594580
594733
594886
595039
595192
595345
595498
595651
595804
595957
596110
596263
596416
596569
596722
596875
597028
597181
597334
597487
597640
597794
597948
598102
598256
598410
598564
598718
598872
599026
599180
599334
599488
599642
599796
599950
600104
600258
600412
600566
600720
600874
601028
601182
601336
601491
601646
601801
601956
602111
602266
602421
602576
602731
602886
603041
603196
603351
603506
603661
603816
603971
604126
604281
604437
604593
604749
604905
605061
605217
605373
605529
605685
605841
605997
606153
606309
606465
606621
606777
606934
607091
607248
607405
607562
607719
607876
608033
608190
608347
608504
608661
608818
608975
609132
609289
609446
609603
609761
609919
610077
610235
610393
610551
610709
610867
611025
611183
611341
611499
611657
611815
611973
612131
612290
612449
612608
612767
612926
613085
613244
613403
613562
613721
613880
614039
614198
614357
614516
614675
614834
614993
615152
615311
615470
615629
615788
615947
616106
616266
616426
616586
616746
616906
617066
617226
617386
617546
617706
617866
618026
618186
618346
618506
618666
618826
618986
619147
619308
619469
619630
619791
619952
620113
620274
620435
620596
620757
620918
621079
621240
621401
621562
621723
621884
622045
622206
622367
622528
622689
622850
623011
623173
623335
623497
623659
623821
623983
624145
624307
624469
624631
624793
624955
625117
625279
625442
625605
625768
625931
626094
626257
626420
626583
626746
626909
627072
627236
627400
627564
627728
627892
628056
628220
628384
628548
628712
628876
629040
629204
629369
629534
629699
629864
630029
630194
630359
630524
630689
630854
631019
631184
631349
631514
631680
631846
632012
632178
632344
632510
632676
632842
633008
633174
633340
633506
633672
633838
634004
634170
634336
634502
634668
634834
635000
635167
635334
635501
635668
635835
636002
636169
636336
636503
636670
636837
637004
637171
637338
637505
637672
637839
638006
638173
638340
638508
638676
638844
639012
639180
639348
639516
639684
639852
640020
640188
640356
640524
640692
640860
641028
641196
641364
641532
641700
641868
642037
642206
642375
642544
642713
642882
643051
643220
643389
643558
643727
643896
644065
644234
644403
644572
644741
644910
645079
645248
645417
645586
645756
645926
646096
646266
646436
646606
646776
646946
647116
647286
647456
647626
647796
647966
648136
648306
648476
648647
648818
648989
649160
649331
649502
649673
649844
650015
650186
650357
650528
650699
650871
651043
651215
651387
651559
651731
651903
652075
652247
652419
652591
652763
652935
653107
653279
653451
653623
653795
653967
654139
654312
654485
654658
654831
655004
655177
655350
655523
655696
655869
656042
656216
656390
656564
656738
656912
657086
657260
657434
657608
657782
657956
658130
658304
658478
658652
658826
659001
659176
659351
659526
659701
659876
660051
660226
660401
660576
660751
660926
661101
661276
661451
661626
661802
661978
662154
662330
662506
662682
662858
663034
663210
663386
663562
663738
663915
664092
664269
664446
664623
664800
664977
665154
665331
665508
665685
665862
666039
666217
666395
666573
666751
666929
667107
667285
667463
667641
667819
667997
668175
668353
668531
668709
668887
669065
669243
669421
669599
669778
669957
670136
670315
670494
670673
670852
671031
671210
671389
671568
671747
671926
672105
672285
672465
672645
672825
673005
673185
673365
673545
673725
673905
674085
674265
674445
674625
674805
674985
675165
675346
675527
675708
675889
676070
676251
676432
676613
676794
676975
677156
677337
677518
677699
677880
678062
678244
678426
678608
678790
678972
679154
679336
679518
679700
679882
680064
680246
680428
680610
680792
680974
681156
681339
681522
681705
681888
682071
682254
682437
682620
682803
682986
683169
683352
683536
683720
683904
684088
684272
684456
684640
684824
685008
685192
685376
685560
685744
685928
686112
686296
686480
686664
686848
687032
687216
687401
687586
687771
687956
688141
688326
688511
688696
688881
689066
689251
689436
689621
689806
689992
690178
690364
690550
690736
690922
691108
691294
691480
691666
691852
692038
692224
692410
692597
692784
692971
693158
693345
693532
693719
693906
694093
694280
694467
694654
694842
695030
695218
695406
695594
695782
695970
696158
696346
696534
696723
696912
697101
697290
697479
697668
697857
698046
698235
698424
698613
698802
698991
699180
699370
699560
699750
699940
700130
700320
700510
700700
700890
701080
701270
701460
701650
701840
702031
702222
702413
702604
702795
702986
703177
703368
703559
703750
703941
704132
704323
704514
704705
704896
705087
705278
705469
705660
705851
706042
706234
706426
706618
706810
707002
707194
707386
707578
707770
707962
708154
708346
708539
708732
708925
709118
709311
709504
709697
709891
710085
710279
710473
710667
710861
711055
711249
711443
711638
711833
712028
712223
712418
712613
712808
713003
713198
713393
713588
713783
713978
714173
714368
714564
714760
714956
715152
715348
715544
715740
715936
716132
716328
716524
716720
716916
717112
717308
717504
717700
717896
718093
718290
718487
718684
718881
719078
719275
719472
719669
719866
720063
720260
720457
720654
720852
721050
721248
721446
721644
721842
722040
722238
722436
722634
722833
723032
723231
723430
723629
723828
724027
724226
724425
724624
724823
725022
725221
725421
725621
725821
726021
726221
726421
726621
726821
727021
727221
727421
727621
727821
728021
728221
728421
728622
728823
729024
729225
729426
729627
729828
730029
730230
730431
730632
730833
731034
731235
731436
731638
731840
732042
732244
732446
732648
732850
733052
733255
733458
733661
733864
734067
734270
734473
734676
734879
735082
735285
735488
735691
735894
736097
736300
736503
736707
736911
737115
737319
737523
737727
737931
738135
738339
738543
738747
738951
739155
739359
739564
739769
739974
740179
740384
740589
740794
740999
741204
741409
741614
741819
742025
742231
742437
742643
742849
743055
743261
743467
743673
743879
744085
744291
744497
744703
744910
745117
745324
745531
745738
745945
746152
746359
746566
746773
746980
747188
747396
747604
747812
748020
748228
748436
748644
748852
749060
749268
749476
749684
749892
750100
750308
750516
750725
750934
751143
751352
751561
751770
751979
752188
752397
752607
752817
753027
753237
753447
753657
753867
754077
754287
754497
754707
754917
755128
755339
755550
755761
755972
756183
756394
756605
756816
757027
757238
757449
757660
757872
758084
758296
758508
758720
758932
759144
759356
759569
759782
759995
760208
760421
760634
760847
761060
761273
761486
761699
761912
762126
762340
762554
762768
762982
763196
763410
763624
763838
764052
764266
764481
764696
764911
765126
765341
765556
765771
765986
766201
766416
766631
766846
767062
767278
767494
767710
767926
768142
768358
768574
768791
769008
769225
769442
769659
769876
770094
770312
770530
770748
770966
771184
771402
771620
771839
772058
772277
772496
772715
772934
773153
773372
773591
773810
774029
774248
774468
774688
774908
775128
775348
775568
775788
776008
776228
776448
776668
776888
777109
777330
777551
777772
777993
778214
778435
778656
778878
779100
779322
779544
779766
779988
780210
780432
780654
780876
781099
781322
781545
781768
781991
782214
782437
782661
782885
783110
783335
783560
783785
784010
784235
784460
784685
784910
785135
785360
785585
785810
786035
786260
786486
786712
786938
787164
787390
787616
787842
788069
788296
788523
788750
788977
789204
789431
789658
789885
790113
790341
790569
790797
791025
791253
791481
791709
791938
792167
792396
792625
792854
793083
793312
793541
793770
793999
794228
794457
794686
794916
795146
795376
795606
795836
796067
796298
796529
796760
796991
797222
797453
797684
797915
798146
798377
798609
798841
799073
799305
799537
799769
800001
800233
800465
800697
800929
801162
801395
801628
801861
802094
802327
802560
802793
803026
803259
803492
803725
803958
804192
804426
804660
804894
805128
805362
805596
805830
806064
806299
806534
806769
807004
807239
807474
807709
807944
808179
808414
808649
808885
809121
809357
809593
809829
810065
810301
810537
810773
811010
811247
811484
811721
811958
812195
812432
812669
812907
813145
813383
813621
813859
814097
814335
814574
814813
815052
815291
815530
815769
816008
816247
816486
816726
816966
817206
817446
817686
817926
818166
818407
818648
818889
819130
819371
819612
819853
820094
820335
820576
820817
821058
821299
821540
821782
822024
822266
822508
822750
822992
823234
823476
823718
823960
824202
824444
824686
824928
825170
825413
825656
825899
826142
826386
826630
826874
827118
827362
827606
827850
828094
828338
828582
828827
829072
829317
829562
829807
830052
830298
830544
830790
831036
831282
831528
831774
832020
832266
832512
832758
833004
833250
833496
833743
833990
834237
834484
834731
834978
835225
835473
835721
835969
836217
836465
836714
836963
837212
837461
837710
837959
838208
838457
838706
838955
839204
839453
839702
839951
840200
840450
840700
840950
841200
841450
841700
841950
842200
842450
842700
842950
843200
843450
843700
843951
844202
844453
844704
844955
845206
845457
845708
845959
846210
846461
846712
846964
847216
847468
847720
847972
848224
848476
848728
848981
849234
849487
849740
849993
850246
850499
850752
851005
851258
851511
851764
852017
852271
852525
852779
853033
853287
853541
853795
854049
854303
854557
854811
855065
855319
855573
855827
856081
856335
856589
856843
857097
857351
857606
857861
858116
858371
858626
858881
859136
859391
859647
859903
860159
860415
860671
860927
861183
861439
861695
861952
862209
862466
862723
862980
863237
863494
863751
864009
864267
864525
864783
865041
865299
865557
865815
866074
866333
866592
866851
867110
867369
867628
867887
868146
868405
868664
868924
869184
869444
869704
869964
870224
870485
870746
871007
871268
871529
871790
872051
872313
872575
872837
873099
873361
873623
873885
874147
874410
874673
874936
875199
875462
875725
875989
876253
876517
876781
877045
877309
877573
877837
878101
878365
878630
878895
879160
879425
879690
879955
880221
880487
880753
881019
881285
881551
881817
882083
882350
882617
882884
883151
883418
883685
883952
884219
884486
884753
885020
885287
885555
885823
886091
886359
886627
886895
887163
887432
887701
887970
888239
888508
888777
889046
889315
889584
889854
890124
890394
890664
890934
891204
891475
891746
892017
892288
892559
892830
893101
893373
893645
893917
894189
894461
894733
895005
895277
895549
895821
896094
896367
896640
896913
897187
897461
897735
898009
898283
898557
898831
899105
899379
899654
899929
900204
900479
900754
901029
901304
901579
901855
902131
902407
902683
902959
903235
903511
903787
904064
904341
904618
904895
905172
905449
905726
906003
906281
906559
906837
907115
907393
907671
907950
908229
908508
908787
909066
909345
909624
909903
910183
910463
910743
911023
911303
911583
911863
912143
912423
912703
912983
913263
913543
913824
914105
914386
914667
914948
915229
915510
915792
916074
916356
916638
916920
917202
917484
917766
918048
918330
918612
918894
919177
919460
919743
920026
920309
920592
920876
921160
921444
921728
922012
922296
922580
922864
923149
923434
923719
924004
924289
924574
924859
925144
925429
925714
925999
926285
926571
926857
927143
927430
927717
928004
928291
928579
928867
929155
929443
929731
930019
930307
930595
930883
931171
931459
931747
932035
932324
932613
932902
933191
933480
933769
934058
934347
934636
934925
935215
935505
935796
936087
936378
936669
936960
937251
937542
937833
938124
938415
938707
938999
939291
939583
939875
940167
940459
940751
941044
941337
941630
941923
942216
942509
942802
943096
943390
943684
943978
944272
944567
944862
945157
945452
945747
946042
946337
946632
946927
947223
947519
947815
948111
948407
948703
948999
949295
949591
949888
950185
950482
950779
951076
951373
951670
951967
952265
952563
952861
953159
953457
953755
954053
954351
954650
954949
955248
955547
955847
956147
956447
956747
957047
957347
957647
957947
958247
958547
958847
959147
959447
959747
960048
960349
960650
960951
961252
961553
961854
962156
962458
962760
963062
963364
963666
963968
964270
964572
964874
965177
965480
965783
966087
966391
966695
966999
967303
967607
967912
968217
968522
968827
969132
969437
969742
970047
970353
970659
970965
971271
971577
971883
972190
972497
972804
973112
973420
973728
974036
974344
974652
974960
975268
975576
975884
976193
976502
976811
977120
977429
977738
978047
978357
978667
978977
979287
979597
979907
980218
980529
980840
981151
981462
981773
982085
982397
982709
983021
983334
983647
983960
984273
984586
984899
985212
985525
985838
986151
986465
986779
987093
987407
987721
988036
988351
988666
988982
989298
989614
989931
990248
990565
990882
991199
991516
991833
992151
992469
992787
993105
993423
993741
994059
994378
994697
995016
995335
995654
995973
996292
996611
996931
997251
997571
997891
998211
998532
998853
999174
999495
999817
1000139
1000461
1000783
1001106
1001429
1001752
1002075
1002398
1002721
1003044
1003367
1003690
1004014
1004338
1004662
1004986
1005310
1005634
1005959
1006284
1006609
1006934
1007259
1007584
1007909
1008235
1008561
1008887
1009213
1009539
1009865
1010192
1010519
1010846
1011173
1011500
1011827
1012155
1012483
1012811
1013139
1013467
1013795
1014124
1014453
1014782
1015111
1015440
1015770
1016100
1016430
1016760
1017091
1017422
1017753
1018084
1018415
1018746
1019077
1019408
1019739
1020071
1020403
1020735
1021067
1021399
1021731
1022064
1022397
1022730
1023063
1023396
1023729
1024063
1024397
1024731
1025065
1025400
1025736
1026072
1026408
1026744
1027080
1027417
1027754
1028091
1028428
1028765
1029102
1029439
1029776
1030113
1030451
1030789
1031127
1031465
1031803
1032142
1032481
1032820
1033159
1033498
1033837
1034176
1034516
1034856
1035196
1035536
1035876
1036216
1036556
1036897
1037238
1037579
1037920
1038261
1038602
1038943
1039284
1039625
1039966
1040308
1040650
1040992
1041334
1041677
1042020
1042364
1042708
1043052
1043397
1043742
1044087
1044432
1044777
1045122
1045468
1045814
1046160
1046506
1046853
1047200
1047547
1047894
1048241
1048588
1048935
1049283
1049631
1049979
1050327
1050675
1051024
1051373
1051722
1052071
1052420
1052770
1053120
1053470
1053820
1054170
1054520
1054870
1055220
1055571
1055922
1056273
1056624
1056975
1057326
1057677
1058028
1058380
1058732
1059084
1059436
1059788
1060140
1060492
1060844
1061197
1061550
1061903
1062256
1062610
1062964
1063318
1063672
1064026
1064380
1064734
1065088
1065443
1065798
1066153
1066508
1066864
1067220
1067576
1067932
1068288
1068645
1069002
1069359
1069717
1070075
1070433
1070792
1071151
1071510
1071869
1072228
1072588
1072948
1073308
1073668
1074029
1074390
1074751
1075112
1075473
1075834
1076195
1076556
1076918
1077280
1077642
1078004
1078366
1078728
1079090
1079453
1079816
1080179
1080542
1080906
1081270
1081634
1081998
1082362
1082727
1083092
1083457
1083822
1084187
1084553
1084919
1085285
1085651
1086017
1086383
1086749
1087116
1087483
1087850
1088218
1088586
1088954
1089322
1089690
1090059
1090428
1090797
1091167
1091537
1091908
1092279
1092650
1093021
1093392
1093763
1094135
1094507
1094879
1095251
1095624
1095997
1096370
1096744
1097118
1097492
1097866
1098241
1098616
1098991
1099366
1099741
1100116
1100491
1100866
1101242
1101618
1101994
1102370
1102747
1103124
1103501
1103878
1104256
1104634
1105013
1105392
1105771
1106151
1106531
1106911
1107291
1107671
1108051
1108431
1108811
1109192
1109573
1109954
1110336
1110718
1111100
1111482
1111864
1112246
1112628
1113010
1113393
1113776
1114159
1114542
1114925
1115308
1115692
1116076
1116460
1116844
1117229
1117614
1118000
1118386
1118772
1119158
1119544
1119930
1120316
1120702
1121088
1121475
1121862
1122250
1122638
1123026
1123415
1123805
1124195
1124585
1124975
1125366
1125757
1126148
1126539
1126930
1127321
1127712
1128104
1128496
1128888
1129280
1129672
1130065
1130458
1130851
1131244
1131637
1132030
1132423
1132816
1133209
1133603
1133997
1134391
1134786
1135181
1135576
1135971
1136367
1136763
1137159
1137556
1137953
1138351
1138749
1139147
1139545
1139943
1140342
1140741
1141141
1141541
1141941
1142341
1142741
1143142
1143543
1143944
1144345
1144747
1145149
1145551
1145953
1146355
1146757
1147159
1147562
1147965
1148368
1148772
1149176
1149580
1149984
1150389
1150794
1151199
1151605
1152011
1152417
1152823
1153229
1153636
1154043
1154450
1154857
1155264
1155671
1156079
1156487
1156895
1157303
1157711
1158119
1158528
1158937
1159346
1159755
1160165
1160575
1160985
1161396
1161807
1162218
1162630
1163042
1163454
1163866
1164278
1164690
1165102
1165514
1165927
1166340
1166754
1167168
1167582
1167996
1168410
1168825
1169240
1169655
1170070
1170485
1170900
1171315
1171730
1172146
1172563
1172980
1173398
1173816
1174234
1174653
1175072
1175491
1175911
1176331
1176751
1177171
1177591
1178011
1178431
1178852
1179273
1179694
1180115
1180536
1180958
1181380
1181802
1182224
1182647
1183070
1183493
1183916
1184339
1184763
1185187
1185611
1186035
1186459
1186883
1187308
1187733
1188158
1188583
1189008
1189433
1189859
1190285
1190711
1191137
1191563
1191989
1192416
1192843
1193270
1193697
1194124
1194551
1194978
1195406
1195834
1196263
1196692
1197121
1197550
1197980
1198410
1198840
1199271
1199702
1200134
1200566
1200998
1201430
1201863
1202296
1202730
1203164
1203598
1204032
1204466
1204900
1205334
1205769
1206204
1206640
1207076
1207512
1207949
1208386
1208824
1209262
1209700
1210138
1210577
1211016
1211455
1211895
1212335
1212776
1213218
1213661
1214104
1214547
1214991
1215435
1215879
1216323
1216767
1217211
1217656
1218102
1218548
1218994
1219440
1219887
1220334
1220781
1221228
1221676
1222124
1222572
1223020
1223468
1223916
1224364
1224812
1225260
1225709
1226158
1226607
1227057
1227507
1227957
1228407
1228858
1229309
1229760
1230211
1230664
1231117
1231570
1232023
1232477
1232931
1233385
1233839
1234294
1234749
1235205
1235661
1236118
1236575
1237032
1237489
1237946
1238403
1238860
1239317
1239774
1240231
1240689
1241147
1241605
1242063
1242522
1242981
1243440
1243900
1244360
1244820
1245280
1245740
1246200
1246660
1247120
1247581
1248042
1248503
1248965
1249427
1249890
1250353
1250816
1251279
1251743
1252207
1252671
1253135
1253600
1254065
1254530
1254995
1255461
1255928
1256395
1256863
1257331
1257800
1258269
1258739
1259209
1259679
1260149
1260620
1261091
1261563
1262035
1262508
1262981
1263455
1263929
1264403
1264877
1265351
1265826
1266302
1266778
1267254
1267730
1268206
1268683
1269160
1269638
1270116
1270594
1271072
1271551
1272030
1272510
1272990
1273471
1273952
1274433
1274915
1275397
1275880
1276363
1276846
1277330
1277815
1278300
1278785
1279270
1279756
1280242
1280729
1281216
1281704
1282192
1282681
1283170
1283659
1284148
1284637
1285127
1285617
1286107
1286598
1287089
1287580
1288071
1288563
1289055
1289547
1290039
1290532
1291025
1291518
1292011
1292504
1292997
1293491
1293985
1294480
1294975
1295470
1295966
1296462
1296958
1297454
1297951
1298448
1298945
1299443
1299942
1300441
1300941
1301441
1301942
1302443
1302945
1303447
1303950
1304453
1304957
1305461
1305966
1306472
1306978
1307484
1307990
1308497
1309004
1309511
1310018
1310525
1311033
1311541
1312050
1312559
1313069
1313579
1314090
1314601
1315112
1315624
1316136
1316649
1317162
1317675
1318189
1318703
1319217
1319731
1320246
1320761
1321276
1321791
1322307
1322823
1323339
1323855
1324371
1324887
1325404
1325921
1326439
1326958
1327477
1327996
1328516
1329036
1329557
1330078
1330599
1331120
1331642
1332164
1332686
1333208
1333730
1334253
1334776
1335299
1335822
1336345
1336869
1337393
1337917
1338441
1338966
1339491
1340016
1340543
1341070
1341597
1342125
1342653
1343183
1343713
1344243
1344773
1345304
1345835
1346366
1346899
1347433
1347967
1348501
1349035
1349570
1350105
1350640
1351175
1351711
1352247
1352784
1353322
1353860
1354398
1354937
1355476
1356017
1356558
1357100
1357642
1358184
1358726
1359270
1359814
1360359
1360904
1361450
1361997
1362544
1363091
1363641
1364191
1364742
1365294
1365846
1366398
1366952
1367507
1368063
1368619
1369175
1369732
1370290
1370848
1371407
1371966
1372525
1373085
1373645
1374206
1374767
1375328
1375891
1376454
1377017
1377581
1378145
1378709
1379274
1379839
1380404
1380970
1381536
1382105
1382674
1383244
1383814
1384387
1384960
1385534
1386108
1386682
1387257
1387832
1388407
1388985
1389563
1390141
1390720
1391299
1391880
1392461
1393042
1393626
1394210
1394795
1395380
1395966
1396553
1397140
1397729
1398318
1398908
1399498
1400088
1400679
1401270
1401861
1402452
1403044
1403636
1404228
1404820
1405413
1406006
1406600
1407194
1407788
1408384
1408980
1409577
1410174
1410771
1411369
1411968
1412567
1413166
1413766
1414366
1414966
1415568
1416170
1416772
1417374
1417978
1418582
1419186
1419791
1420397
1421003
1421610
1422217
1422825
1423433
1424041
1424650
1425259
1425869
1426479
1427091
1427704
1428317
1428930
1429544
1430158
1430772
1431386
1432001
1432616
1433232
1433848
1434464
1435083
1435702
1436322
1436944
1437566
1438189
1438812
1439437
1440062
1440688
1441314
1441941
1442568
1443200
1443833
1444466
1445099
1445734
1446369
1447005
1447641
1448277
1448913
1449549
1450188
1450827
1451467
1452108
1452750
1453393
1454036
1454681
1455326
1455972
1456619
1457266
1457915
1458564
1459215
1459866
1460517
1461168
1461819
1462471
1463123
1463780
1464437
1465094
1465753
1466413
1467073
1467733
1468395
1469057
1469719
1470381
1471044
1471707
1472370
1473036
1473704
1474372
1475043
1475716
1476389
1477062
1477735
1478409
1479085
1479761
1480439
1481118
1481799
1482480
1483162
1483845
1484528
1485211
1485895
1486579
1487265
1487952
1488640
1489328
1490020
1490712
1491404
1492097
1492791
1493486
1494181
1494877
1495574
1496273
1496973
1497673
1498378
1499083
1499790
1500499
1501211
1501927
1502643
1503362
1504081
1504801
1505522
1506244
1506967
1507690
1508414
1509140
1509868
1510600
1511337
1512074
1512812
1513551
1514290
1515031
1515773
1516515
1517257
1518000
1518743
1519487
1520231
1520976
1521721
1522467
1523214
1523963
1524714
1525465
1526217
1526971
1527725
1528482
1529241
1530002
1530763
1531525
1532287
1533050
1533821
1534593
1535368
1536145
1536925
1537705
1538485
1539266
1540049
1540836
1541623
1542411
1543201
1543991
1544782
1545574
1546372
1547172
1547973
1548774
1549576
1550378
1551180
1551983
1552789
1553598
1554407
1555220
1556034
1556849
1557666
1558483
1559300
1560118
1560936
1561754
1562573
1563400
1564229
1565059
1565889
1566721
1567554
1568393
1569234
1570076
1570919
1571763
1572608
1573456
1574304
1575153
1576005
1576858
1577716
1578574
1579434
1580296
1581162
1582032
1582904
1583777
1584652
1585529
1586406
1587287
1588172
1589058
1589945
1590833
1591724
1592616
1593509
1594405
1595302
1596200
1597098
1597997
1598906
1599815
1600725
1601636
1602551
1603468
1604391
1605314
1606240
1607168
1608100
1609037
1609982
1610930
1611879
1612830
1613797
1614774
1615753
1616744
1617737
1618730
1619726
1620724
1621734
1622747
1623779
1624820
1625869
1626929
1628013
1629122
1630232
1631351
1632480
1633640
1634839
